N,P,K,temperature,humidity,ph,rainfall,soil,crop_label
40,27,45,21.66,94.79,5.89,112.43,sandy loam,guinea_corn
120,7,47,24.25,83.04,6.65,54.77,loamy clay ,pepper
102,11,47,27.99,92.78,6.5,27.15,sandy loam,tomatoes
5,25,6,30.72,94.01,6.01,106.81,loamy,orange
36,43,21,28.36,84.86,7.14,52.93,loamy,yam
94,54,17,23.39,61.74,5.87,107.32,sandy loam,maize
17,59,17,18.42,23.43,5.69,132.98,clay,beans
63,35,16,22.03,65.36,6.27,83.73,sandy loam,maize
10,56,16,28.17,81.05,6.83,36.36,loamy,yam
106,20,51,29.73,90.97,6.34,20.49,sandy loam,tomatoes
10,5,42,20.24,91.09,6.89,109.25,sandy loam,guinea_corn
101,25,52,29.1,94.22,6.75,22.52,sandy loam,tomatoes
35,63,76,17.82,17.61,6.71,90.82,loamy,soybean
102,11,47,27.99,92.78,6.5,27.15,sandy loam,tomatoes
12,8,10,16.15,91.44,8.0,107.43,loamy,orange
12,63,17,18.36,19.38,5.72,138.41,clay,beans
97,25,50,26.22,80.9,6.09,49.09,loamy clay ,pepper
15,6,41,19.01,88.84,6.9,108.68,sandy loam,guinea_corn
9,48,22,27.77,87.1,6.4,49.51,loamy,yam
10,59,22,28.61,86.99,7.16,36.95,loamy,yam
91,55,15,18.09,72.61,6.38,78.96,sandy loam,maize
39,17,45,18.1,90.42,6.92,104.88,sandy loam,guinea_corn
77,57,21,24.93,73.8,6.55,79.74,sandy loam,maize
40,63,18,30.42,67.66,6.74,63.02,sandy loam,cassava
18,14,11,28.05,90.01,6.55,117.13,loamy,orange
14,25,40,20.07,90.98,6.41,103.71,sandy loam,guinea_corn
27,79,82,17.07,17.54,6.31,70.87,loamy,soybean
38,36,21,28.03,84.88,6.56,36.12,loamy,yam
36,24,41,24.94,94.26,7.01,103.88,sandy loam,guinea_corn
81,45,35,26.53,80.12,6.16,218.92,clay,rice
115,12,52,27.51,94.96,6.69,21.02,sandy loam,tomatoes
90,14,52,24.85,89.2,6.39,59.68,loamy clay ,pepper
10,59,15,29.83,89.3,6.32,58.87,loamy,yam
42,74,83,19.26,14.28,7.55,65.78,loamy,soybean
25,63,20,15.79,21.15,5.5,95.17,clay,beans
22,72,85,18.87,15.66,6.39,88.51,loamy,soybean
91,35,39,23.79,80.42,6.97,206.26,clay,rice
83,60,36,25.6,80.15,6.9,200.83,clay,rice
31,76,82,20.82,17.85,7.6,79.21,loamy,soybean
21,6,41,24.88,89.4,7.09,107.2,sandy loam,guinea_corn
28,66,23,21.54,24.25,6.0,120.69,clay,beans
32,13,42,23.5,92.98,5.79,106.62,sandy loam,guinea_corn
42,61,22,26.27,62.29,7.42,70.23,sandy loam,cassava
41,62,15,29.38,64.15,7.36,65.24,sandy loam,cassava
25,68,77,20.09,15.11,7.7,85.75,loamy,soybean
82,23,49,26.81,87.22,6.87,51.7,loamy clay ,pepper
36,55,20,27.01,84.34,6.64,55.3,loamy,yam
56,79,15,29.48,63.2,7.45,71.89,sandy loam,cassava
76,48,18,19.3,69.63,5.78,83.21,sandy loam,maize
39,76,76,19.97,15.57,6.14,69.16,loamy,soybean
50,74,17,27.1,63.36,6.54,73.85,sandy loam,cassava
60,61,78,20.71,19.84,6.32,94.04,loamy,soybean
98,7,45,27.79,92.51,6.16,26.85,sandy loam,tomatoes
102,14,52,26.79,89.65,6.51,57.74,loamy clay ,pepper
105,30,50,25.3,81.78,6.38,57.04,loamy clay ,pepper
51,72,75,18.89,14.99,7.1,80.11,loamy,soybean
42,67,77,18.99,15.94,6.11,78.71,loamy,soybean
43,61,20,26.87,61.61,6.8,63.52,sandy loam,cassava
20,62,18,29.36,64.99,7.37,61.91,sandy loam,cassava
21,6,41,24.88,89.4,7.09,107.2,sandy loam,guinea_corn
24,55,78,17.3,15.15,6.65,75.58,loamy,soybean
77,36,23,24.71,56.73,6.65,88.45,sandy loam,maize
87,21,52,27.35,94.29,6.07,27.21,sandy loam,tomatoes
6,62,22,20.53,18.09,5.82,120.45,clay,beans
30,7,15,33.23,91.06,7.83,115.77,loamy,orange
31,51,25,27.54,85.57,7.2,53.02,loamy,yam
17,64,17,21.02,24.94,5.66,124.61,clay,beans
98,7,45,27.79,92.51,6.16,26.85,sandy loam,tomatoes
5,13,37,22.34,89.79,5.65,103.32,sandy loam,guinea_corn
9,80,19,21.81,18.57,5.95,125.1,clay,beans
5,24,40,24.69,93.87,6.3,104.67,sandy loam,guinea_corn
73,35,38,24.89,81.98,5.01,185.95,clay,rice
74,35,40,26.49,80.16,6.98,242.86,clay,rice
113,30,50,26.04,83.99,6.28,43.88,loamy clay ,pepper
2,47,15,29.87,85.99,6.4,58.41,loamy,yam
3,77,25,24.85,22.89,5.61,62.21,clay,beans
78,58,15,25.01,67.82,6.53,62.91,sandy loam,maize
25,48,21,28.44,83.49,6.27,52.55,loamy,yam
40,18,43,19.39,86.79,5.77,109.91,sandy loam,guinea_corn
37,74,15,24.92,18.23,5.58,62.71,clay,beans
65,37,40,23.36,83.6,5.33,188.41,clay,rice
57,58,77,18.73,17.58,7.98,81.2,loamy,soybean
27,56,20,19.26,20.51,5.54,94.95,clay,beans
8,72,17,20.57,19.75,5.71,87.88,clay,beans
116,25,50,29.26,92.92,6.09,28.71,sandy loam,tomatoes
27,76,83,19.13,14.92,6.29,89.62,loamy,soybean
4,13,6,15.63,94.26,7.56,101.47,loamy,orange
70,36,42,21.84,80.73,6.95,202.38,clay,rice
29,36,25,28.29,88.44,7.13,48.57,loamy,yam
40,58,15,29.46,87.61,6.98,43.15,loamy,yam
71,35,24,22.27,59.52,5.83,67.97,sandy loam,maize
81,18,50,26.44,80.92,6.51,47.82,loamy clay ,pepper
85,27,45,26.07,88.73,6.47,57.8,loamy clay ,pepper
18,9,40,19.45,89.02,5.63,106.16,sandy loam,guinea_corn
22,72,85,18.87,15.66,6.39,88.51,loamy,soybean
89,60,17,25.38,57.21,5.98,101.7,sandy loam,maize
78,37,22,25.34,63.32,6.33,74.52,sandy loam,maize
71,52,18,25.11,55.98,5.79,78.16,sandy loam,maize
27,72,23,19.93,21.8,5.96,64.03,clay,beans
60,36,43,23.43,83.06,5.29,219.9,clay,rice
35,66,81,19.37,15.77,6.14,85.25,loamy,soybean
78,43,42,21.32,83.0,7.28,192.32,clay,rice
97,8,52,24.91,86.97,6.24,49.49,loamy clay ,pepper
21,39,20,28.14,82.12,7.06,46.76,loamy,yam
93,22,52,26.59,81.33,6.93,41.88,loamy clay ,pepper
4,23,5,22.68,93.36,7.48,110.33,loamy,orange
31,79,75,18.82,16.11,8.2,89.73,loamy,soybean
8,26,36,18.78,87.4,6.8,102.52,sandy loam,guinea_corn
52,60,79,19.45,18.23,8.38,75.63,loamy,soybean
23,65,20,23.04,22.43,5.83,108.37,clay,beans
37,18,39,24.15,94.51,6.42,110.23,sandy loam,guinea_corn
95,55,42,26.8,82.15,5.95,193.35,clay,rice
90,44,38,23.84,83.88,7.47,241.2,clay,rice
5,21,38,22.43,90.34,6.11,112.46,sandy loam,guinea_corn
24,53,17,28.95,89.08,6.42,57.66,loamy,yam
91,36,45,24.44,82.45,5.95,267.98,clay,rice
12,8,10,16.15,91.44,8.0,107.43,loamy,orange
29,75,75,19.62,18.71,7.06,88.46,loamy,soybean
14,22,9,17.25,91.14,6.54,112.51,loamy,orange
74,55,19,18.05,62.89,6.29,84.24,sandy loam,maize
36,38,15,28.36,87.6,6.32,58.0,loamy,yam
14,22,9,17.25,91.14,6.54,112.51,loamy,orange
27,79,82,17.07,17.54,6.31,70.87,loamy,soybean
99,39,18,19.2,68.31,6.11,87.85,sandy loam,maize
90,14,52,24.85,89.2,6.39,59.68,loamy clay ,pepper
3,26,39,24.38,91.19,7.08,103.6,sandy loam,guinea_corn
34,11,10,31.75,94.6,7.36,115.2,loamy,orange
90,23,54,28.56,90.46,6.16,27.27,sandy loam,tomatoes
38,14,37,21.81,94.64,6.66,102.65,sandy loam,guinea_corn
99,5,47,24.13,84.84,6.65,51.19,loamy clay ,pepper
42,74,83,19.26,14.28,7.55,65.78,loamy,soybean
9,77,17,20.12,24.45,5.78,106.16,clay,beans
83,10,53,24.93,85.01,6.2,48.76,loamy clay ,pepper
29,45,16,28.44,87.91,6.58,43.12,loamy,yam
108,22,46,26.18,86.73,6.12,53.33,loamy clay ,pepper
59,69,80,19.08,17.87,8.17,69.41,loamy,soybean
81,6,55,24.89,85.87,6.11,51.71,loamy clay ,pepper
40,64,16,16.43,24.24,5.93,140.37,clay,beans
6,13,9,34.51,90.56,7.79,118.33,loamy,orange
107,12,46,29.57,93.62,6.56,27.57,sandy loam,tomatoes
31,70,77,20.89,14.32,6.49,90.46,loamy,soybean
31,55,22,22.91,21.34,5.87,109.23,clay,beans
84,29,49,29.94,93.91,6.25,20.39,sandy loam,tomatoes
20,29,10,29.07,93.27,7.37,100.79,loamy,orange
5,45,21,28.36,88.01,6.49,43.05,loamy,yam
52,73,79,17.26,18.75,7.84,94.0,loamy,soybean
22,71,17,18.15,19.39,5.51,107.69,clay,beans
39,28,10,31.35,91.48,7.18,109.15,loamy,orange
8,45,18,27.93,85.42,7.01,43.25,loamy,yam
51,72,75,18.89,14.99,7.1,80.11,loamy,soybean
76,44,17,20.42,62.55,5.86,65.28,sandy loam,maize
107,22,54,28.0,90.85,6.63,21.62,sandy loam,tomatoes
93,53,38,26.93,81.91,7.07,290.68,clay,rice
5,13,37,22.34,89.79,5.65,103.32,sandy loam,guinea_corn
27,79,82,17.07,17.54,6.31,70.87,loamy,soybean
35,57,83,19.48,17.45,7.48,80.5,loamy,soybean
19,53,22,27.86,80.45,6.85,42.83,loamy,yam
107,5,52,26.66,89.98,6.88,57.41,loamy clay ,pepper
105,14,50,26.21,87.69,6.42,59.66,loamy clay ,pepper
4,14,41,19.85,89.81,6.43,102.82,sandy loam,guinea_corn
118,12,47,27.97,92.17,6.01,28.95,sandy loam,tomatoes
32,79,15,23.91,20.75,5.71,81.6,clay,beans
108,26,52,28.83,94.27,6.2,26.24,sandy loam,tomatoes
22,30,12,15.78,92.51,6.35,119.04,loamy,orange
27,69,22,17.92,24.91,5.93,69.15,clay,beans
40,9,41,24.38,85.4,5.78,106.13,sandy loam,guinea_corn
20,40,15,29.57,88.08,7.2,45.04,loamy,yam
109,10,53,26.82,87.83,6.55,46.06,loamy clay ,pepper
1,27,36,23.99,93.34,5.68,104.99,sandy loam,guinea_corn
12,78,23,16.07,18.72,6.0,88.07,clay,beans
28,80,17,19.62,18.67,5.81,144.16,clay,beans
98,26,52,27.34,90.7,6.15,28.69,sandy loam,tomatoes
89,11,47,29.79,94.65,6.33,27.87,sandy loam,tomatoes
4,20,41,24.27,93.8,6.54,104.54,sandy loam,guinea_corn
72,40,38,20.41,82.21,7.59,245.15,clay,rice
74,35,40,26.49,80.16,6.98,242.86,clay,rice
39,58,85,17.89,15.41,6.0,68.55,loamy,soybean
53,73,77,19.71,18.1,7.33,73.64,loamy,soybean
29,22,43,19.66,87.95,5.56,106.04,sandy loam,guinea_corn
37,74,15,24.92,18.23,5.58,62.71,clay,beans
35,64,15,28.47,63.54,6.5,69.53,sandy loam,cassava
9,80,19,21.81,18.57,5.95,125.1,clay,beans
32,73,81,20.45,15.4,5.99,92.68,loamy,soybean
60,55,44,23.0,82.32,7.84,263.96,clay,rice
25,68,77,20.09,15.11,7.7,85.75,loamy,soybean
1,27,36,23.99,93.34,5.68,104.99,sandy loam,guinea_corn
89,60,19,25.19,66.69,5.91,78.07,sandy loam,maize
12,78,23,16.07,18.72,6.0,88.07,clay,beans
93,41,17,25.62,66.5,6.05,105.47,sandy loam,maize
73,35,38,24.89,81.98,5.01,185.95,clay,rice
30,63,16,23.61,21.91,5.53,100.6,clay,beans
13,60,25,17.14,20.61,5.69,128.26,clay,beans
34,60,23,20.13,24.97,5.66,100.05,clay,beans
7,20,12,16.53,94.77,6.48,110.04,loamy,orange
106,21,52,28.9,94.79,6.29,23.04,sandy loam,tomatoes
108,23,51,26.84,83.85,6.11,40.23,loamy clay ,pepper
58,73,16,33.37,65.68,6.87,64.9,sandy loam,cassava
94,54,17,23.39,61.74,5.87,107.32,sandy loam,maize
30,70,79,20.27,19.97,7.31,69.64,loamy,soybean
25,68,77,20.09,15.11,7.7,85.75,loamy,soybean
78,40,38,26.46,83.86,7.55,248.23,clay,rice
21,80,20,28.21,68.27,7.35,64.33,sandy loam,cassava
72,60,25,18.53,69.03,5.77,88.1,sandy loam,maize
106,20,51,29.73,90.97,6.34,20.49,sandy loam,tomatoes
101,17,55,24.37,87.13,6.45,44.64,loamy clay ,pepper
42,67,77,18.99,15.94,6.11,78.71,loamy,soybean
59,63,18,31.66,60.13,6.53,66.69,sandy loam,cassava
81,18,50,26.81,88.23,6.43,58.8,loamy clay ,pepper
110,21,54,26.74,87.82,6.75,47.46,loamy clay ,pepper
37,79,19,27.54,69.35,7.14,69.41,sandy loam,cassava
53,74,15,29.43,64.94,7.52,72.18,sandy loam,cassava
37,70,25,19.73,24.89,5.82,84.06,clay,beans
17,77,23,24.51,20.82,5.67,64.19,clay,beans
34,60,23,20.13,24.97,5.66,100.05,clay,beans
118,18,52,28.05,90.83,6.56,20.76,sandy loam,tomatoes
93,22,48,29.13,91.52,6.78,21.9,sandy loam,tomatoes
13,60,25,17.14,20.61,5.69,128.26,clay,beans
33,15,7,15.83,91.68,7.65,109.76,loamy,orange
117,19,55,28.8,91.78,6.12,25.16,sandy loam,tomatoes
20,23,11,31.85,90.12,6.41,109.95,loamy,orange
101,17,55,24.37,87.13,6.45,44.64,loamy clay ,pepper
78,37,22,25.34,63.32,6.33,74.52,sandy loam,maize
22,60,85,18.84,14.74,6.81,94.78,loamy,soybean
34,35,21,28.45,82.68,6.68,58.19,loamy,yam
8,26,36,18.78,87.4,6.8,102.52,sandy loam,guinea_corn
89,54,38,24.52,83.54,6.69,230.45,clay,rice
44,58,18,28.04,65.07,6.81,72.5,sandy loam,cassava
7,20,12,16.53,94.77,6.48,110.04,loamy,orange
77,36,23,24.71,56.73,6.65,88.45,sandy loam,maize
21,78,19,27.16,66.76,6.92,69.85,sandy loam,cassava
21,29,12,22.3,92.16,6.44,117.37,loamy,orange
41,69,82,20.02,16.63,6.72,68.98,loamy,soybean
99,29,55,29.19,91.46,6.66,26.48,sandy loam,tomatoes
98,35,18,23.8,74.83,6.25,91.76,sandy loam,maize
85,58,41,21.77,80.32,7.04,226.66,clay,rice
0,49,18,29.68,87.94,6.99,41.82,loamy,yam
37,6,13,26.03,91.51,7.51,101.28,loamy,orange
95,52,36,26.23,83.84,5.54,286.51,clay,rice
13,5,8,23.85,90.11,7.47,103.92,loamy,orange
15,11,38,23.13,92.68,6.63,109.39,sandy loam,guinea_corn
57,56,78,17.34,18.76,6.86,67.95,loamy,soybean
67,43,39,26.04,84.97,6.0,186.75,clay,rice
117,25,53,29.12,92.13,6.41,24.52,sandy loam,tomatoes
31,53,16,28.74,85.82,6.45,48.55,loamy,yam
28,6,40,22.11,91.34,6.77,106.87,sandy loam,guinea_corn
120,8,46,29.56,90.71,6.73,28.37,sandy loam,tomatoes
63,58,22,18.25,55.28,6.2,63.72,sandy loam,maize
0,12,7,20.18,90.65,6.97,116.81,loamy,orange
83,57,19,25.73,70.75,6.88,98.74,sandy loam,maize
117,25,53,29.12,92.13,6.41,24.52,sandy loam,tomatoes
111,6,53,26.49,88.59,6.31,46.06,loamy clay ,pepper
85,58,41,21.77,80.32,7.04,226.66,clay,rice
36,11,13,17.34,93.05,7.19,112.72,loamy,orange
81,6,55,24.89,85.87,6.11,51.71,loamy clay ,pepper
55,77,22,31.43,62.99,7.76,64.78,sandy loam,cassava
72,60,25,18.53,69.03,5.77,88.1,sandy loam,maize
22,60,24,18.78,20.25,5.63,104.26,clay,beans
80,16,46,25.5,81.4,6.94,48.48,loamy clay ,pepper
120,24,47,26.99,89.41,6.26,58.55,loamy clay ,pepper
34,45,21,28.19,82.61,6.29,37.01,loamy,yam
33,15,7,15.83,91.68,7.65,109.76,loamy,orange
21,29,12,22.3,92.16,6.44,117.37,loamy,orange
83,9,45,25.85,89.13,6.05,46.85,loamy clay ,pepper
87,21,52,27.35,94.29,6.07,27.21,sandy loam,tomatoes
0,18,14,29.77,92.01,7.21,114.42,loamy,orange
54,77,85,17.14,17.07,7.83,83.75,loamy,soybean
4,13,6,15.63,94.26,7.56,101.47,loamy,orange
98,35,18,23.8,74.83,6.25,91.76,sandy loam,maize
80,16,46,25.5,81.4,6.94,48.48,loamy clay ,pepper
77,57,21,24.93,73.8,6.55,79.74,sandy loam,maize
80,43,16,23.56,71.59,6.66,66.72,sandy loam,maize
83,58,45,25.76,83.52,5.88,245.66,clay,rice
41,69,82,20.02,16.63,6.72,68.98,loamy,soybean
33,23,45,20.0,85.84,7.12,112.34,sandy loam,guinea_corn
114,27,48,27.82,93.04,6.53,26.32,sandy loam,tomatoes
49,72,15,31.56,67.84,7.14,74.87,sandy loam,cassava
27,62,77,18.2,14.71,6.58,70.18,loamy,soybean
120,20,45,25.67,88.7,6.11,54.23,loamy clay ,pepper
35,69,23,16.79,24.97,5.58,75.45,clay,beans
99,12,52,28.7,94.31,6.0,22.22,sandy loam,tomatoes
99,36,20,20.58,65.35,6.67,78.35,sandy loam,maize
14,19,14,17.68,94.36,6.7,108.06,loamy,orange
59,69,80,19.08,17.87,8.17,69.41,loamy,soybean
107,10,49,25.83,89.0,6.76,45.25,loamy clay ,pepper
60,43,44,21.02,82.95,7.42,298.4,clay,rice
31,53,16,28.74,85.82,6.45,48.55,loamy,yam
25,59,19,29.07,83.69,6.63,43.95,loamy,yam
80,18,51,28.05,91.82,6.71,20.77,sandy loam,tomatoes
11,60,23,27.34,88.5,7.03,51.1,loamy,yam
5,45,21,28.36,88.01,6.49,43.05,loamy,yam
76,51,18,26.17,71.96,6.25,79.85,sandy loam,maize
81,16,45,26.9,86.25,6.73,59.76,loamy clay ,pepper
21,51,15,29.36,89.19,6.68,48.3,loamy,yam
29,16,36,19.81,88.93,5.74,102.86,sandy loam,guinea_corn
118,21,51,24.43,86.34,6.68,48.58,loamy clay ,pepper
31,25,38,24.96,92.41,6.5,109.42,sandy loam,guinea_corn
27,62,77,18.2,14.71,6.58,70.18,loamy,soybean
120,7,47,24.25,83.04,6.65,54.77,loamy clay ,pepper
14,8,43,21.93,94.46,7.05,111.72,sandy loam,guinea_corn
87,6,45,29.83,90.79,6.4,22.84,sandy loam,tomatoes
37,18,39,24.15,94.51,6.42,110.23,sandy loam,guinea_corn
28,76,82,20.57,14.26,6.65,83.76,loamy,soybean
120,24,47,26.99,89.41,6.26,58.55,loamy clay ,pepper
84,29,49,29.94,93.91,6.25,20.39,sandy loam,tomatoes
12,6,8,30.85,92.87,6.39,107.41,loamy,orange
26,80,83,17.08,16.15,7.53,71.31,loamy,soybean
31,25,12,18.05,90.04,7.02,111.78,loamy,orange
37,6,13,26.03,91.51,7.51,101.28,loamy,orange
7,23,35,19.75,88.72,7.05,102.55,sandy loam,guinea_corn
8,54,20,28.33,80.77,7.03,38.8,loamy,yam
24,56,85,18.2,17.41,6.55,80.64,loamy,soybean
53,67,17,31.78,69.02,7.3,61.47,sandy loam,cassava
52,70,16,33.67,66.6,7.53,67.33,sandy loam,cassava
20,41,20,29.27,89.49,7.07,50.92,loamy,yam
84,18,46,27.09,93.42,6.78,25.32,sandy loam,tomatoes
114,8,50,24.75,88.31,6.58,57.96,loamy clay ,pepper
69,46,41,23.64,80.29,5.01,263.11,clay,rice
27,72,23,19.93,21.8,5.96,64.03,clay,beans
29,21,45,23.41,93.13,6.75,105.22,sandy loam,guinea_corn
40,18,43,19.39,86.79,5.77,109.91,sandy loam,guinea_corn
49,68,22,28.57,61.53,7.13,63.5,sandy loam,cassava
36,43,22,27.83,87.17,6.39,58.37,loamy,yam
27,79,82,17.07,17.54,6.31,70.87,loamy,soybean
57,68,81,17.17,17.3,8.08,72.79,loamy,soybean
80,43,16,23.56,71.59,6.66,66.72,sandy loam,maize
22,80,20,23.01,18.87,5.67,100.12,clay,beans
12,61,19,19.33,24.14,5.66,68.51,clay,beans
31,51,25,27.54,85.57,7.2,53.02,loamy,yam
31,37,21,27.24,86.4,6.71,37.31,loamy,yam
71,46,40,20.28,82.12,7.24,191.95,clay,rice
57,60,84,19.1,17.26,6.59,75.49,loamy,soybean
32,57,18,15.54,23.76,5.7,107.39,clay,beans
37,18,39,24.15,94.51,6.42,110.23,sandy loam,guinea_corn
32,60,83,19.69,19.44,8.83,91.76,loamy,soybean
102,11,45,29.03,93.13,6.36,24.16,sandy loam,tomatoes
92,44,16,18.88,65.77,6.08,94.76,sandy loam,maize
66,44,20,19.08,69.02,6.74,80.73,sandy loam,maize
23,62,19,16.52,20.46,5.61,98.78,clay,beans
29,77,75,17.5,15.48,7.78,72.94,loamy,soybean
50,55,16,28.81,65.34,7.58,62.26,sandy loam,cassava
20,7,45,18.91,89.24,6.08,112.48,sandy loam,guinea_corn
30,7,15,33.23,91.06,7.83,115.77,loamy,orange
6,37,17,28.09,80.35,6.76,38.14,loamy,yam
53,65,76,20.19,16.42,6.72,77.34,loamy,soybean
14,8,43,21.93,94.46,7.05,111.72,sandy loam,guinea_corn
19,17,39,24.72,85.56,6.73,111.28,sandy loam,guinea_corn
107,5,52,26.66,89.98,6.88,57.41,loamy clay ,pepper
37,72,18,18.88,24.54,5.72,105.41,clay,beans
14,59,15,21.35,22.91,5.78,146.45,clay,beans
24,21,42,20.82,87.23,7.0,109.44,sandy loam,guinea_corn
111,15,54,27.71,92.91,6.19,22.06,sandy loam,tomatoes
90,23,54,28.56,90.46,6.16,27.27,sandy loam,tomatoes
1,15,9,29.98,94.55,7.53,115.36,loamy,orange
27,60,17,26.42,63.65,7.03,64.42,sandy loam,cassava
19,35,24,27.11,83.64,6.88,49.12,loamy,yam
8,28,38,23.23,94.43,6.84,105.69,sandy loam,guinea_corn
18,12,8,12.59,91.82,6.21,119.39,loamy,orange
119,19,55,25.19,83.45,6.82,46.87,loamy clay ,pepper
30,75,81,19.42,16.81,6.41,68.52,loamy,soybean
91,24,55,26.27,83.09,6.26,46.77,loamy clay ,pepper
117,25,54,28.68,92.51,6.15,29.11,sandy loam,tomatoes
83,10,53,24.93,85.01,6.2,48.76,loamy clay ,pepper
52,68,78,17.49,16.96,6.9,86.05,loamy,soybean
21,51,15,29.36,89.19,6.68,48.3,loamy,yam
86,15,47,24.04,84.18,6.42,53.79,loamy clay ,pepper
107,22,54,28.0,90.85,6.63,21.62,sandy loam,tomatoes
99,55,35,21.72,80.24,6.5,277.96,clay,rice
37,74,15,24.92,18.23,5.58,62.71,clay,beans
23,62,85,18.97,19.52,8.49,80.71,loamy,soybean
17,59,17,18.42,23.43,5.69,132.98,clay,beans
24,80,22,16.71,19.18,5.64,96.77,clay,beans
114,8,50,24.75,88.31,6.58,57.96,loamy clay ,pepper
84,18,46,27.09,93.42,6.78,25.32,sandy loam,tomatoes
27,64,15,20.16,24.84,5.51,138.24,clay,beans
39,9,15,25.35,91.81,7.99,116.76,loamy,orange
49,69,82,18.32,15.36,6.26,81.79,loamy,soybean
86,55,21,21.54,59.64,6.8,109.75,sandy loam,maize
86,6,53,25.92,83.47,6.92,42.11,loamy clay ,pepper
0,25,14,19.34,91.98,6.36,116.45,loamy,orange
74,35,40,26.49,80.16,6.98,242.86,clay,rice
61,44,17,26.1,71.57,6.93,102.27,sandy loam,maize
93,41,17,25.62,66.5,6.05,105.47,sandy loam,maize
27,62,77,18.2,14.71,6.58,70.18,loamy,soybean
21,78,19,27.16,66.76,6.92,69.85,sandy loam,cassava
84,50,44,25.49,81.41,5.94,182.65,clay,rice
118,18,52,28.05,90.83,6.56,20.76,sandy loam,tomatoes
82,22,45,26.22,85.35,6.51,54.6,loamy clay ,pepper
24,44,17,29.86,80.03,6.67,50.66,loamy,yam
85,58,41,21.77,80.32,7.04,226.66,clay,rice
90,57,24,18.93,72.8,6.16,82.34,sandy loam,maize
84,7,51,26.82,87.66,6.4,55.74,loamy clay ,pepper
29,70,15,30.33,63.55,6.87,74.17,sandy loam,cassava
114,27,48,27.82,93.04,6.53,26.32,sandy loam,tomatoes
18,5,11,20.88,90.94,6.25,102.46,loamy,orange
32,68,19,24.63,18.18,5.51,149.74,clay,beans
89,22,52,24.9,86.11,6.22,53.15,loamy clay ,pepper
25,76,24,15.33,24.92,5.57,135.33,clay,beans
26,18,42,19.73,89.65,6.91,108.23,sandy loam,guinea_corn
53,73,77,19.71,18.1,7.33,73.64,loamy,soybean
31,26,9,11.7,93.26,7.57,103.2,loamy,orange
32,14,37,22.73,88.49,6.83,104.68,sandy loam,guinea_corn
72,60,25,18.53,69.03,5.77,88.1,sandy loam,maize
12,29,13,22.46,91.53,7.57,118.01,loamy,orange
8,16,6,12.23,90.26,7.11,108.42,loamy,orange
33,75,84,19.46,18.73,7.22,68.81,loamy,soybean
113,28,48,28.88,92.49,6.17,24.44,sandy loam,tomatoes
30,44,16,29.73,82.89,6.44,50.92,loamy,yam
39,28,10,31.35,91.48,7.18,109.15,loamy,orange
9,16,36,23.78,92.93,5.89,106.98,sandy loam,guinea_corn
95,52,36,26.23,83.84,5.54,286.51,clay,rice
29,67,21,29.79,63.39,6.62,63.02,sandy loam,cassava
88,35,40,23.58,83.59,5.85,291.3,clay,rice
0,55,22,22.99,20.58,5.92,143.86,clay,beans
93,47,37,21.53,82.14,6.5,295.92,clay,rice
34,80,19,31.49,63.06,6.52,71.48,sandy loam,cassava
81,16,45,26.9,86.25,6.73,59.76,loamy clay ,pepper
24,18,6,26.57,94.45,6.29,116.38,loamy,orange
0,5,36,24.35,90.89,6.15,105.53,sandy loam,guinea_corn
9,77,17,20.12,24.45,5.78,106.16,clay,beans
26,15,6,17.22,94.79,6.91,108.01,loamy,orange
18,74,15,24.9,22.28,5.71,146.47,clay,beans
15,11,38,23.13,92.68,6.63,109.39,sandy loam,guinea_corn
30,65,82,20.71,15.28,6.11,76.78,loamy,soybean
40,58,15,29.46,87.61,6.98,43.15,loamy,yam
11,72,20,19.52,24.93,5.95,113.33,clay,beans
13,22,5,19.67,90.5,7.76,100.17,loamy,orange
69,51,23,22.22,72.85,6.8,106.62,sandy loam,maize
83,10,53,24.93,85.01,6.2,48.76,loamy clay ,pepper
119,5,55,29.69,94.3,6.17,26.84,sandy loam,tomatoes
77,57,21,24.93,73.8,6.55,79.74,sandy loam,maize
12,63,17,18.36,19.38,5.72,138.41,clay,beans
98,8,51,26.18,86.52,6.26,49.43,loamy clay ,pepper
59,70,84,17.33,18.75,7.55,82.62,loamy,soybean
68,57,43,26.09,80.38,5.71,182.9,clay,rice
30,75,81,19.42,16.81,6.41,68.52,loamy,soybean
91,50,40,20.82,84.13,6.46,230.22,clay,rice
114,27,48,27.82,93.04,6.53,26.32,sandy loam,tomatoes
34,59,23,28.56,83.25,6.94,56.48,loamy,yam
34,10,14,34.05,92.06,6.73,116.8,loamy,orange
115,11,46,24.42,89.4,6.62,40.32,loamy clay ,pepper
102,28,54,25.16,80.28,6.86,55.5,loamy clay ,pepper
112,25,51,25.05,85.57,6.93,56.72,loamy clay ,pepper
59,60,84,19.03,18.67,7.69,94.71,loamy,soybean
8,28,37,23.88,86.21,6.08,108.31,sandy loam,guinea_corn
50,64,25,28.84,63.37,6.73,70.25,sandy loam,cassava
107,5,52,26.66,89.98,6.88,57.41,loamy clay ,pepper
113,6,52,27.76,90.36,6.74,25.22,sandy loam,tomatoes
4,59,25,27.69,81.94,6.23,54.62,loamy,yam
95,16,46,27.08,90.14,6.75,24.45,sandy loam,tomatoes
95,52,36,26.23,83.84,5.54,286.51,clay,rice
34,47,19,27.31,85.45,6.57,53.15,loamy,yam
89,60,17,25.38,57.21,5.98,101.7,sandy loam,maize
31,51,25,27.54,85.57,7.2,53.02,loamy,yam
98,7,45,27.79,92.51,6.16,26.85,sandy loam,tomatoes
11,46,24,27.65,89.81,6.46,56.53,loamy,yam
20,7,9,29.48,91.58,7.13,111.17,loamy,orange
27,59,22,21.81,23.21,5.79,130.06,clay,beans
34,60,22,17.66,18.15,5.64,100.67,clay,beans
5,18,14,33.11,93.48,7.43,119.17,loamy,orange
18,9,40,19.45,89.02,5.63,106.16,sandy loam,guinea_corn
14,67,15,19.56,24.67,5.69,139.29,clay,beans
59,55,79,20.37,16.9,8.77,82.25,loamy,soybean
90,44,38,23.84,83.88,7.47,241.2,clay,rice
86,55,21,21.54,59.64,6.8,109.75,sandy loam,maize
25,70,16,19.63,18.91,5.76,106.36,clay,beans
74,54,38,25.66,83.47,7.12,217.38,clay,rice
4,19,42,23.83,87.84,6.31,111.22,sandy loam,guinea_corn
37,55,82,19.46,18.02,6.42,78.45,loamy,soybean
74,58,18,20.04,56.36,6.73,109.02,sandy loam,maize
25,70,16,19.63,18.91,5.76,106.36,clay,beans
33,23,45,20.0,85.84,7.12,112.34,sandy loam,guinea_corn
80,43,16,23.56,71.59,6.66,66.72,sandy loam,maize
101,13,54,25.43,82.91,6.83,56.34,loamy clay ,pepper
67,43,39,26.04,84.97,6.0,186.75,clay,rice
49,55,78,18.66,16.18,7.86,81.71,loamy,soybean
14,67,22,23.83,24.75,5.62,84.64,clay,beans
49,68,22,28.57,61.53,7.13,63.5,sandy loam,cassava
32,14,37,22.73,88.49,6.83,104.68,sandy loam,guinea_corn
110,28,46,24.29,88.05,6.5,51.26,loamy clay ,pepper
0,5,36,24.35,90.89,6.15,105.53,sandy loam,guinea_corn
40,58,15,29.46,87.61,6.98,43.15,loamy,yam
5,24,40,24.69,93.87,6.3,104.67,sandy loam,guinea_corn
32,13,42,23.5,92.98,5.79,106.62,sandy loam,guinea_corn
85,27,45,26.07,88.73,6.47,57.8,loamy clay ,pepper
94,39,18,23.89,57.49,5.89,102.83,sandy loam,maize
64,45,43,25.63,83.53,5.53,209.9,clay,rice
81,6,55,24.89,85.87,6.11,51.71,loamy clay ,pepper
111,5,47,28.03,91.47,6.27,21.18,sandy loam,tomatoes
40,11,44,24.46,86.11,6.32,111.38,sandy loam,guinea_corn
50,74,17,27.1,63.36,6.54,73.85,sandy loam,cassava
31,78,76,17.57,15.0,8.52,89.31,loamy,soybean
101,20,48,24.68,82.75,6.21,57.06,loamy clay ,pepper
2,47,15,29.87,85.99,6.4,58.41,loamy,yam
66,44,20,19.08,69.02,6.74,80.73,sandy loam,maize
13,16,8,34.74,93.12,6.95,100.2,loamy,orange
78,37,22,25.34,63.32,6.33,74.52,sandy loam,maize
99,50,15,18.15,71.09,5.57,88.08,sandy loam,maize
40,72,77,17.02,16.99,7.49,88.55,loamy,soybean
51,56,18,28.13,64.21,6.71,70.86,sandy loam,cassava
39,37,15,29.0,83.79,6.82,59.84,loamy,yam
82,22,45,26.22,85.35,6.51,54.6,loamy clay ,pepper
30,20,38,22.6,93.16,7.06,110.09,sandy loam,guinea_corn
85,21,52,29.63,90.1,6.08,23.7,sandy loam,tomatoes
114,21,55,25.44,87.94,6.47,57.52,loamy clay ,pepper
79,51,16,25.34,68.5,6.59,96.46,sandy loam,maize
20,29,10,29.07,93.27,7.37,100.79,loamy,orange
42,62,75,18.18,18.9,7.01,81.85,loamy,soybean
43,68,81,17.48,17.93,6.76,78.92,loamy,soybean
33,12,8,25.26,90.31,6.82,117.37,loamy,orange
0,5,36,24.35,90.89,6.15,105.53,sandy loam,guinea_corn
31,53,16,28.74,85.82,6.45,48.55,loamy,yam
72,40,38,20.41,82.21,7.59,245.15,clay,rice
83,58,45,25.76,83.52,5.88,245.66,clay,rice
22,26,38,22.92,85.13,6.99,110.24,sandy loam,guinea_corn
20,60,25,27.33,69.09,6.73,61.19,sandy loam,cassava
31,5,14,17.67,91.7,6.58,110.69,loamy,orange
20,23,11,31.85,90.12,6.41,109.95,loamy,orange
109,26,45,28.28,90.39,6.22,21.59,sandy loam,tomatoes
18,21,35,23.28,94.94,6.37,111.14,sandy loam,guinea_corn
39,76,76,19.97,15.57,6.14,69.16,loamy,soybean
20,79,77,18.55,16.03,7.65,76.33,loamy,soybean
71,60,22,26.07,59.37,6.2,85.76,sandy loam,maize
34,35,21,28.45,82.68,6.68,58.19,loamy,yam
40,18,43,19.39,86.79,5.77,109.91,sandy loam,guinea_corn
75,54,36,26.29,84.57,7.02,257.49,clay,rice
81,16,45,26.9,86.25,6.73,59.76,loamy clay ,pepper
77,52,17,24.86,65.74,5.71,75.82,sandy loam,maize
86,59,35,25.79,82.11,6.95,243.51,clay,rice
109,21,55,24.9,89.74,6.77,57.45,loamy clay ,pepper
13,30,37,20.86,91.62,6.28,106.87,sandy loam,guinea_corn
104,17,46,25.71,80.23,6.19,43.09,loamy clay ,pepper
99,54,37,21.14,80.34,5.59,198.67,clay,rice
68,58,38,23.22,83.03,6.34,221.21,clay,rice
24,67,22,20.12,22.9,5.62,104.63,clay,beans
106,10,49,27.73,92.01,6.35,20.21,sandy loam,tomatoes
17,64,17,21.02,24.94,5.66,124.61,clay,beans
113,20,48,27.47,94.88,6.44,27.28,sandy loam,tomatoes
31,48,17,28.88,86.94,6.59,53.8,loamy,yam
48,61,21,30.28,61.69,6.63,65.63,sandy loam,cassava
21,78,19,27.16,66.76,6.92,69.85,sandy loam,cassava
75,56,18,19.4,62.36,5.7,60.95,sandy loam,maize
29,77,75,17.5,15.48,7.78,72.94,loamy,soybean
27,76,83,19.13,14.92,6.29,89.62,loamy,soybean
84,44,21,21.87,61.91,5.85,107.27,sandy loam,maize
38,36,21,28.03,84.88,6.56,36.12,loamy,yam
34,66,17,18.81,21.28,5.89,125.08,clay,beans
60,38,17,18.42,64.24,6.47,76.41,sandy loam,maize
24,80,19,29.68,69.09,6.81,65.66,sandy loam,cassava
94,53,40,20.28,82.89,5.72,241.97,clay,rice
14,59,15,21.35,22.91,5.78,146.45,clay,beans
34,71,79,17.93,15.86,7.73,74.64,loamy,soybean
37,78,79,19.95,14.83,7.79,88.68,loamy,soybean
25,27,41,19.2,94.28,6.92,108.04,sandy loam,guinea_corn
19,78,16,20.65,23.11,5.97,67.72,clay,beans
36,43,21,28.36,84.86,7.14,52.93,loamy,yam
64,45,43,25.63,83.53,5.53,209.9,clay,rice
32,60,83,19.69,19.44,8.83,91.76,loamy,soybean
44,63,15,26.42,64.51,7.34,63.47,sandy loam,cassava
115,18,53,29.17,94.2,6.01,22.07,sandy loam,tomatoes
25,70,16,19.63,18.91,5.76,106.36,clay,beans
50,64,25,28.84,63.37,6.73,70.25,sandy loam,cassava
79,45,20,23.81,59.25,5.72,89.96,sandy loam,maize
7,60,25,28.28,82.76,6.4,56.05,loamy,yam
93,56,36,24.01,82.06,6.98,185.28,clay,rice
10,5,42,20.24,91.09,6.89,109.25,sandy loam,guinea_corn
13,8,12,25.16,92.55,7.11,114.31,loamy,orange
25,78,76,17.48,15.76,7.23,66.97,loamy,soybean
13,16,8,34.74,93.12,6.95,100.2,loamy,orange
85,21,47,29.87,90.61,6.19,24.7,sandy loam,tomatoes
86,55,21,21.54,59.64,6.8,109.75,sandy loam,maize
33,75,21,33.05,68.94,6.69,62.3,sandy loam,cassava
34,9,36,22.81,86.34,6.28,110.44,sandy loam,guinea_corn
56,67,78,17.57,16.72,8.26,77.82,loamy,soybean
22,80,20,23.01,18.87,5.67,100.12,clay,beans
99,38,21,22.88,71.6,6.35,67.73,sandy loam,maize
27,56,20,19.26,20.51,5.54,94.95,clay,beans
30,70,79,20.27,19.97,7.31,69.64,loamy,soybean
87,6,45,29.83,90.79,6.4,22.84,sandy loam,tomatoes
21,44,18,27.07,86.9,7.13,50.47,loamy,yam
5,74,21,16.24,21.36,5.59,66.97,clay,beans
32,14,37,22.73,88.49,6.83,104.68,sandy loam,guinea_corn
30,20,38,22.6,93.16,7.06,110.09,sandy loam,guinea_corn
61,44,17,26.1,71.57,6.93,102.27,sandy loam,maize
10,56,16,28.17,81.05,6.83,36.36,loamy,yam
60,61,78,20.71,19.84,6.32,94.04,loamy,soybean
66,44,20,19.08,69.02,6.74,80.73,sandy loam,maize
9,48,20,29.66,84.28,6.38,56.1,loamy,yam
69,55,38,22.71,82.64,5.7,271.32,clay,rice
81,6,55,24.89,85.87,6.11,51.71,loamy clay ,pepper
21,21,38,22.55,89.33,6.33,104.9,sandy loam,guinea_corn
82,20,54,29.34,90.02,6.54,21.45,sandy loam,tomatoes
6,47,18,29.16,80.28,6.72,40.17,loamy,yam
42,74,83,19.26,14.28,7.55,65.78,loamy,soybean
34,29,8,31.88,91.15,6.45,105.34,loamy,orange
66,54,21,25.19,60.2,5.92,72.12,sandy loam,maize
58,61,15,30.95,64.23,7.4,62.79,sandy loam,cassava
19,78,16,20.65,23.11,5.97,67.72,clay,beans
100,18,52,26.2,80.38,6.88,56.48,loamy clay ,pepper
83,15,49,28.93,91.39,6.44,23.2,sandy loam,tomatoes
67,45,38,22.73,82.17,7.3,260.89,clay,rice
91,35,39,23.79,80.42,6.97,206.26,clay,rice
29,11,5,23.13,91.95,7.64,104.42,loamy,orange
19,39,17,29.28,81.8,6.89,44.47,loamy,yam
5,8,5,11.03,92.23,6.56,112.77,loamy,orange
17,77,23,24.51,20.82,5.67,64.19,clay,beans
12,8,10,16.15,91.44,8.0,107.43,loamy,orange
23,59,25,27.83,88.73,6.32,56.69,loamy,yam
108,23,51,26.84,83.85,6.11,40.23,loamy clay ,pepper
89,60,17,25.38,57.21,5.98,101.7,sandy loam,maize
23,72,84,19.02,17.13,6.92,79.93,loamy,soybean
67,60,25,24.92,66.79,5.75,109.22,sandy loam,maize
27,56,20,19.26,20.51,5.54,94.95,clay,beans
78,35,44,26.54,84.67,7.07,183.62,clay,rice
27,13,6,13.36,91.36,7.34,111.23,loamy,orange
26,65,22,17.85,18.78,5.95,143.1,clay,beans
40,73,20,21.59,20.32,5.81,61.14,clay,beans
84,51,35,22.3,80.64,6.04,197.98,clay,rice
10,37,22,28.73,89.13,7.07,58.53,loamy,yam
24,21,42,20.82,87.23,7.0,109.44,sandy loam,guinea_corn
4,23,5,22.68,93.36,7.48,110.33,loamy,orange
21,39,20,28.14,82.12,7.06,46.76,loamy,yam
8,23,38,19.3,87.18,7.01,105.48,sandy loam,guinea_corn
87,6,45,29.83,90.79,6.4,22.84,sandy loam,tomatoes
17,59,17,18.42,23.43,5.69,132.98,clay,beans
31,55,22,22.91,21.34,5.87,109.23,clay,beans
49,72,15,31.56,67.84,7.14,74.87,sandy loam,cassava
100,14,49,29.49,91.08,6.37,26.02,sandy loam,tomatoes
94,50,37,25.67,80.66,6.95,209.59,clay,rice
28,74,81,18.01,18.31,8.75,81.99,loamy,soybean
58,66,79,20.99,19.33,8.72,93.55,loamy,soybean
33,59,22,22.64,21.59,5.95,122.39,clay,beans
119,19,55,25.19,83.45,6.82,46.87,loamy clay ,pepper
60,46,22,24.89,65.61,6.63,87.93,sandy loam,maize
5,23,15,25.67,92.05,7.41,112.54,loamy,orange
7,20,12,16.53,94.77,6.48,110.04,loamy,orange
31,79,75,18.82,16.11,8.2,89.73,loamy,soybean
26,80,83,17.08,16.15,7.53,71.31,loamy,soybean
36,38,15,28.36,87.6,6.32,58.0,loamy,yam
12,63,17,18.36,19.38,5.72,138.41,clay,beans
42,74,83,19.26,14.28,7.55,65.78,loamy,soybean
13,60,25,17.14,20.61,5.69,128.26,clay,beans
9,8,40,22.49,89.92,6.55,111.66,sandy loam,guinea_corn
97,22,50,26.26,86.15,6.77,58.98,loamy clay ,pepper
34,60,22,17.66,18.15,5.64,100.67,clay,beans
73,57,41,21.45,84.94,5.82,272.2,clay,rice
60,38,17,18.42,64.24,6.47,76.41,sandy loam,maize
29,11,5,23.13,91.95,7.64,104.42,loamy,orange
58,70,84,20.65,16.61,6.23,74.66,loamy,soybean
57,57,75,17.09,18.25,7.79,87.27,loamy,soybean
103,17,51,25.11,80.03,6.21,44.21,loamy clay ,pepper
3,9,45,23.89,89.62,6.54,104.62,sandy loam,guinea_corn
119,25,51,26.47,80.92,6.28,53.66,loamy clay ,pepper
60,68,83,19.12,18.43,6.62,85.53,loamy,soybean
80,18,51,28.05,91.82,6.71,20.77,sandy loam,tomatoes
46,76,77,18.24,19.69,6.97,83.75,loamy,soybean
90,23,54,28.56,90.46,6.16,27.27,sandy loam,tomatoes
17,59,17,18.42,23.43,5.69,132.98,clay,beans
23,30,44,20.94,85.43,6.12,103.03,sandy loam,guinea_corn
69,55,38,22.71,82.64,5.7,271.32,clay,rice
12,20,39,19.86,86.2,6.03,111.02,sandy loam,guinea_corn
33,57,17,27.9,88.72,6.78,57.8,loamy,yam
110,14,51,27.02,91.67,6.09,21.26,sandy loam,tomatoes
96,46,22,20.58,69.0,6.5,66.29,sandy loam,maize
33,14,8,21.03,92.96,7.68,110.68,loamy,orange
27,13,6,13.36,91.36,7.34,111.23,loamy,orange
33,15,7,15.83,91.68,7.65,109.76,loamy,orange
0,49,18,29.68,87.94,6.99,41.82,loamy,yam
8,28,37,23.88,86.21,6.08,108.31,sandy loam,guinea_corn
52,58,16,30.64,61.15,7.17,71.37,sandy loam,cassava
81,49,20,18.04,60.61,5.51,104.23,sandy loam,maize
49,72,15,31.56,67.84,7.14,74.87,sandy loam,cassava
106,14,45,24.47,84.16,6.42,57.27,loamy clay ,pepper
120,25,50,28.05,94.82,6.33,21.85,sandy loam,tomatoes
67,59,41,21.95,80.97,6.01,213.36,clay,rice
30,63,16,23.61,21.91,5.53,100.6,clay,beans
13,47,20,29.22,87.94,6.54,43.14,loamy,yam
90,57,24,18.93,72.8,6.16,82.34,sandy loam,maize
95,30,52,29.48,90.34,6.64,26.04,sandy loam,tomatoes
119,19,55,25.19,83.45,6.82,46.87,loamy clay ,pepper
83,58,23,19.74,59.66,6.38,65.51,sandy loam,maize
0,17,42,23.2,91.19,6.86,109.09,sandy loam,guinea_corn
24,67,22,20.12,22.9,5.62,104.63,clay,beans
29,77,75,17.5,15.48,7.78,72.94,loamy,soybean
94,50,37,25.67,80.66,6.95,209.59,clay,rice
22,60,24,18.78,20.25,5.63,104.26,clay,beans
29,36,25,28.29,88.44,7.13,48.57,loamy,yam
91,7,53,25.14,89.28,6.46,43.53,loamy clay ,pepper
52,71,16,27.74,68.54,7.08,71.79,sandy loam,cassava
0,18,14,29.77,92.01,7.21,114.42,loamy,orange
3,67,24,17.0,19.91,5.52,103.29,clay,beans
49,68,22,28.57,61.53,7.13,63.5,sandy loam,cassava
18,5,11,20.88,90.94,6.25,102.46,loamy,orange
31,40,22,29.41,86.16,6.37,53.35,loamy,yam
60,44,23,24.79,70.05,5.72,76.73,sandy loam,maize
27,80,15,19.07,21.21,5.79,86.22,clay,beans
32,13,42,23.5,92.98,5.79,106.62,sandy loam,guinea_corn
92,44,16,18.88,65.77,6.08,94.76,sandy loam,maize
36,43,21,28.36,84.86,7.14,52.93,loamy,yam
39,60,21,34.9,63.6,6.97,64.73,sandy loam,cassava
53,65,76,20.19,16.42,6.72,77.34,loamy,soybean
98,26,52,27.34,90.7,6.15,28.69,sandy loam,tomatoes
52,65,20,32.82,66.16,6.81,68.84,sandy loam,cassava
76,44,17,20.42,62.55,5.86,65.28,sandy loam,maize
5,18,14,33.11,93.48,7.43,119.17,loamy,orange
0,23,15,22.57,93.37,7.6,109.86,loamy,orange
21,9,40,24.51,90.64,5.96,105.62,sandy loam,guinea_corn
98,26,52,27.34,90.7,6.15,28.69,sandy loam,tomatoes
32,73,81,20.45,15.4,5.99,92.68,loamy,soybean
92,7,48,26.28,86.63,6.96,54.39,loamy clay ,pepper
7,16,9,18.88,92.04,7.81,114.67,loamy,orange
97,25,50,26.22,80.9,6.09,49.09,loamy clay ,pepper
25,68,19,29.4,64.26,7.11,67.48,sandy loam,cassava
63,35,16,22.03,65.36,6.27,83.73,sandy loam,maize
12,8,10,16.15,91.44,8.0,107.43,loamy,orange
90,49,21,24.84,68.36,6.47,74.05,sandy loam,maize
91,7,52,25.08,83.46,6.41,56.4,loamy clay ,pepper
100,17,48,29.73,94.3,6.37,26.52,sandy loam,tomatoes
76,49,42,24.96,84.48,5.21,196.96,clay,rice
44,58,18,28.04,65.07,6.81,72.5,sandy loam,cassava
27,62,77,18.2,14.71,6.58,70.18,loamy,soybean
43,79,79,19.41,18.98,7.81,80.25,loamy,soybean
108,22,47,28.54,91.73,6.16,25.13,sandy loam,tomatoes
24,30,11,32.4,94.52,6.6,113.25,loamy,orange
61,52,41,24.98,83.89,6.88,204.8,clay,rice
48,65,78,17.44,14.34,7.86,73.09,loamy,soybean
109,21,55,24.9,89.74,6.77,57.45,loamy clay ,pepper
56,75,15,30.2,60.07,7.15,66.37,sandy loam,cassava
10,56,16,28.17,81.05,6.83,36.36,loamy,yam
37,24,13,19.14,90.71,7.85,108.02,loamy,orange
88,35,40,23.58,83.59,5.85,291.3,clay,rice
81,6,55,24.89,85.87,6.11,51.71,loamy clay ,pepper
26,54,17,28.55,88.96,6.27,49.49,loamy,yam
25,48,21,28.44,83.49,6.27,52.55,loamy,yam
36,38,15,28.36,87.6,6.32,58.0,loamy,yam
106,20,51,29.73,90.97,6.34,20.49,sandy loam,tomatoes
69,37,42,23.06,83.37,7.07,251.05,clay,rice
29,22,40,23.63,89.73,6.15,107.68,sandy loam,guinea_corn
25,17,40,18.91,87.75,6.61,111.28,sandy loam,guinea_corn
113,20,48,27.47,94.88,6.44,27.28,sandy loam,tomatoes
3,27,44,24.57,92.03,6.59,110.96,sandy loam,guinea_corn
59,58,17,28.55,66.31,7.37,62.83,sandy loam,cassava
83,58,23,19.74,59.66,6.38,65.51,sandy loam,maize
27,73,79,19.16,15.84,7.35,82.7,loamy,soybean
102,28,54,25.16,80.28,6.86,55.5,loamy clay ,pepper
99,55,35,21.72,80.24,6.5,277.96,clay,rice
26,65,22,17.85,18.78,5.95,143.1,clay,beans
80,18,52,27.87,91.15,6.48,24.05,sandy loam,tomatoes
1,17,6,10.79,91.38,6.82,117.53,loamy,orange
25,21,11,32.24,90.15,6.46,104.71,loamy,orange
8,16,6,12.23,90.26,7.11,108.42,loamy,orange
18,27,41,22.37,92.31,7.18,104.82,sandy loam,guinea_corn
98,26,49,27.29,90.53,6.13,23.5,sandy loam,tomatoes
34,9,36,22.81,86.34,6.28,110.44,sandy loam,guinea_corn
115,12,52,27.51,94.96,6.69,21.02,sandy loam,tomatoes
91,55,15,18.09,72.61,6.38,78.96,sandy loam,maize
98,26,49,27.29,90.53,6.13,23.5,sandy loam,tomatoes
14,48,21,29.25,84.8,6.99,53.43,loamy,yam
8,16,6,12.23,90.26,7.11,108.42,loamy,orange
22,70,19,18.24,21.08,5.52,69.45,clay,beans
75,54,36,26.29,84.57,7.02,257.49,clay,rice
94,50,37,25.67,80.66,6.95,209.59,clay,rice
63,44,41,24.17,83.73,5.58,257.03,clay,rice
23,45,23,28.78,86.69,6.98,56.12,loamy,yam
12,78,23,16.07,18.72,6.0,88.07,clay,beans
1,48,24,29.35,85.6,6.23,59.04,loamy,yam
31,75,18,15.47,21.44,5.82,88.89,clay,beans
81,18,50,26.44,80.92,6.51,47.82,loamy clay ,pepper
89,22,52,24.9,86.11,6.22,53.15,loamy clay ,pepper
12,61,19,19.33,24.14,5.66,68.51,clay,beans
90,46,42,23.98,81.45,7.5,250.08,clay,rice
23,30,44,20.94,85.43,6.12,103.03,sandy loam,guinea_corn
39,21,9,13.21,94.03,6.35,106.27,loamy,orange
36,55,20,27.01,84.34,6.64,55.3,loamy,yam
74,54,38,25.66,83.47,7.12,217.38,clay,rice
31,48,17,28.88,86.94,6.59,53.8,loamy,yam
91,55,15,18.09,72.61,6.38,78.96,sandy loam,maize
38,21,35,20.34,89.38,5.84,110.97,sandy loam,guinea_corn
73,35,38,24.89,81.98,5.01,185.95,clay,rice
104,17,46,25.71,80.23,6.19,43.09,loamy clay ,pepper
108,22,47,28.54,91.73,6.16,25.13,sandy loam,tomatoes
37,24,13,19.14,90.71,7.85,108.02,loamy,orange
29,77,75,17.5,15.48,7.78,72.94,loamy,soybean
25,70,16,19.63,18.91,5.76,106.36,clay,beans
14,57,15,29.88,83.15,6.62,40.12,loamy,yam
5,65,16,21.33,18.49,5.87,109.1,clay,beans
37,62,17,25.69,69.84,7.12,74.62,sandy loam,cassava
25,70,16,19.63,18.91,5.76,106.36,clay,beans
68,57,43,26.09,80.38,5.71,182.9,clay,rice
41,78,21,25.2,60.37,6.58,70.89,sandy loam,cassava
13,30,37,20.86,91.62,6.28,106.87,sandy loam,guinea_corn
116,5,54,25.38,80.99,6.65,57.23,loamy clay ,pepper
105,14,50,26.21,87.69,6.42,59.66,loamy clay ,pepper
37,6,13,26.03,91.51,7.51,101.28,loamy,orange
20,45,17,28.17,83.7,6.77,37.25,loamy,yam
32,60,83,19.69,19.44,8.83,91.76,loamy,soybean
40,63,18,30.42,67.66,6.74,63.02,sandy loam,cassava
22,67,78,17.17,14.42,6.2,72.33,loamy,soybean
91,36,45,24.44,82.45,5.95,267.98,clay,rice
20,79,77,18.55,16.03,7.65,76.33,loamy,soybean
92,7,45,26.71,81.14,6.94,51.51,loamy clay ,pepper
24,44,17,29.86,80.03,6.67,50.66,loamy,yam
59,55,19,31.74,62.51,7.33,68.97,sandy loam,cassava
78,42,42,20.13,81.6,7.63,262.72,clay,rice
28,45,23,29.65,80.3,6.49,56.76,loamy,yam
109,26,45,28.28,90.39,6.22,21.59,sandy loam,tomatoes
102,11,45,29.03,93.13,6.36,24.16,sandy loam,tomatoes
94,50,37,25.67,80.66,6.95,209.59,clay,rice
77,52,17,24.86,65.74,5.71,75.82,sandy loam,maize
11,72,20,19.52,24.93,5.95,113.33,clay,beans
112,28,54,24.86,85.05,6.74,55.3,loamy clay ,pepper
101,10,47,25.54,83.32,6.94,57.57,loamy clay ,pepper
39,24,39,23.65,93.33,6.43,109.81,sandy loam,guinea_corn
44,74,85,20.19,19.64,7.15,78.26,loamy,soybean
0,25,14,19.34,91.98,6.36,116.45,loamy,orange
76,44,17,20.42,62.55,5.86,65.28,sandy loam,maize
14,67,22,23.83,24.75,5.62,84.64,clay,beans
92,60,23,18.67,71.52,5.72,69.93,sandy loam,maize
5,59,15,18.87,20.18,5.97,134.18,clay,beans
67,47,44,26.73,81.79,7.87,280.4,clay,rice
88,29,51,24.72,88.95,6.1,48.46,loamy clay ,pepper
98,44,21,25.77,74.09,6.52,107.49,sandy loam,maize
26,80,83,17.08,16.15,7.53,71.31,loamy,soybean
20,23,11,31.85,90.12,6.41,109.95,loamy,orange
34,45,21,28.19,82.61,6.29,37.01,loamy,yam
0,5,36,24.35,90.89,6.15,105.53,sandy loam,guinea_corn
56,79,15,29.48,63.2,7.45,71.89,sandy loam,cassava
34,71,79,17.93,15.86,7.73,74.64,loamy,soybean
4,19,43,18.07,93.15,5.78,106.36,sandy loam,guinea_corn
30,20,38,22.6,93.16,7.06,110.09,sandy loam,guinea_corn
33,60,15,28.95,81.67,6.51,56.51,loamy,yam
18,21,35,23.28,94.94,6.37,111.14,sandy loam,guinea_corn
13,47,20,29.22,87.94,6.54,43.14,loamy,yam
55,66,22,30.91,68.79,7.75,66.64,sandy loam,cassava
119,19,55,25.19,83.45,6.82,46.87,loamy clay ,pepper
49,69,82,18.32,15.36,6.26,81.79,loamy,soybean
30,70,79,20.27,19.97,7.31,69.64,loamy,soybean
31,5,14,17.67,91.7,6.58,110.69,loamy,orange
14,67,22,23.83,24.75,5.62,84.64,clay,beans
114,27,48,27.82,93.04,6.53,26.32,sandy loam,tomatoes
66,44,20,19.08,69.02,6.74,80.73,sandy loam,maize
37,18,39,24.15,94.51,6.42,110.23,sandy loam,guinea_corn
76,39,24,24.25,55.65,7.0,64.24,sandy loam,maize
94,5,55,28.59,91.89,6.09,26.88,sandy loam,tomatoes
23,30,44,20.94,85.43,6.12,103.03,sandy loam,guinea_corn
91,50,40,20.82,84.13,6.46,230.22,clay,rice
27,79,82,17.07,17.54,6.31,70.87,loamy,soybean
32,60,83,19.69,19.44,8.83,91.76,loamy,soybean
27,72,23,19.93,21.8,5.96,64.03,clay,beans
84,51,35,22.3,80.64,6.04,197.98,clay,rice
109,21,55,24.9,89.74,6.77,57.45,loamy clay ,pepper
65,37,40,23.36,83.6,5.33,188.41,clay,rice
24,56,85,18.2,17.41,6.55,80.64,loamy,soybean
25,63,20,15.79,21.15,5.5,95.17,clay,beans
20,79,77,18.55,16.03,7.65,76.33,loamy,soybean
22,9,44,24.72,88.88,5.74,112.19,sandy loam,guinea_corn
29,22,43,19.66,87.95,5.56,106.04,sandy loam,guinea_corn
40,9,41,24.38,85.4,5.78,106.13,sandy loam,guinea_corn
117,30,50,24.9,87.21,6.74,46.59,loamy clay ,pepper
35,69,23,16.79,24.97,5.58,75.45,clay,beans
52,60,79,19.45,18.23,8.38,75.63,loamy,soybean
28,46,16,29.01,84.96,6.66,45.91,loamy,yam
13,7,43,18.2,91.12,7.01,109.66,sandy loam,guinea_corn
43,79,79,19.41,18.98,7.81,80.25,loamy,soybean
83,45,21,18.83,58.75,5.72,79.75,sandy loam,maize
109,12,48,29.46,92.13,6.71,20.76,sandy loam,tomatoes
95,14,50,26.63,84.32,6.56,56.32,loamy clay ,pepper
86,36,24,26.55,72.89,5.79,73.34,sandy loam,maize
74,39,38,23.24,84.59,7.78,233.05,clay,rice
9,69,20,19.31,23.96,5.59,129.34,clay,beans
3,77,25,24.85,22.89,5.61,62.21,clay,beans
79,42,37,24.87,82.84,6.59,295.61,clay,rice
99,55,35,21.72,80.24,6.5,277.96,clay,rice
39,28,10,31.35,91.48,7.18,109.15,loamy,orange
92,7,48,26.28,86.63,6.96,54.39,loamy clay ,pepper
38,21,35,20.34,89.38,5.84,110.97,sandy loam,guinea_corn
79,43,39,21.67,80.71,7.06,210.81,clay,rice
34,45,21,28.19,82.61,6.29,37.01,loamy,yam
95,27,55,28.47,91.21,6.16,20.89,sandy loam,tomatoes
115,18,53,29.17,94.2,6.01,22.07,sandy loam,tomatoes
7,56,18,18.31,24.33,5.7,76.14,clay,beans
31,25,38,24.96,92.41,6.5,109.42,sandy loam,guinea_corn
78,48,22,23.09,63.1,5.59,70.43,sandy loam,maize
102,11,47,27.99,92.78,6.5,27.15,sandy loam,tomatoes
31,25,12,18.05,90.04,7.02,111.78,loamy,orange
11,78,22,23.9,22.74,5.94,112.66,clay,beans
45,61,78,19.49,16.06,6.49,81.53,loamy,soybean
91,50,40,20.82,84.13,6.46,230.22,clay,rice
1,62,23,15.44,18.37,5.61,139.03,clay,beans
88,5,47,25.86,86.67,6.66,41.17,loamy clay ,pepper
37,55,82,19.46,18.02,6.42,78.45,loamy,soybean
115,12,52,27.51,94.96,6.69,21.02,sandy loam,tomatoes
109,21,55,24.9,89.74,6.77,57.45,loamy clay ,pepper
14,57,15,29.88,83.15,6.62,40.12,loamy,yam
117,27,48,26.53,82.39,6.84,54.31,loamy clay ,pepper
95,23,45,27.82,90.57,6.27,21.19,sandy loam,tomatoes
42,58,25,27.46,62.9,6.51,69.46,sandy loam,cassava
11,14,5,11.5,94.89,6.95,115.57,loamy,orange
85,9,53,28.21,92.87,6.45,28.79,sandy loam,tomatoes
110,21,54,26.74,87.82,6.75,47.46,loamy clay ,pepper
40,78,20,19.19,20.83,5.67,80.15,clay,beans
61,60,15,24.88,68.74,6.27,91.26,sandy loam,maize
85,38,41,21.59,82.79,6.25,276.66,clay,rice
40,27,45,21.66,94.79,5.89,112.43,sandy loam,guinea_corn
87,21,52,27.35,94.29,6.07,27.21,sandy loam,tomatoes
29,45,16,28.44,87.91,6.58,43.12,loamy,yam
54,62,80,17.49,16.39,7.49,79.46,loamy,soybean
65,60,43,21.97,81.9,5.66,227.36,clay,rice
8,28,38,23.23,94.43,6.84,105.69,sandy loam,guinea_corn
11,46,24,27.65,89.81,6.46,56.53,loamy,yam
8,54,20,28.33,80.77,7.03,38.8,loamy,yam
3,9,45,23.89,89.62,6.54,104.62,sandy loam,guinea_corn
65,60,43,21.97,81.9,5.66,227.36,clay,rice
111,6,53,26.49,88.59,6.31,46.06,loamy clay ,pepper
98,8,51,26.18,86.52,6.26,49.43,loamy clay ,pepper
34,47,19,27.31,85.45,6.57,53.15,loamy,yam
25,68,19,29.4,64.26,7.11,67.48,sandy loam,cassava
22,55,20,33.95,69.96,7.42,61.16,sandy loam,cassava
38,36,21,28.03,84.88,6.56,36.12,loamy,yam
65,60,43,21.97,81.9,5.66,227.36,clay,rice
75,54,36,26.29,84.57,7.02,257.49,clay,rice
101,17,47,29.49,94.73,6.19,26.31,sandy loam,tomatoes
23,72,84,19.02,17.13,6.92,79.93,loamy,soybean
67,58,39,25.28,80.54,5.45,220.12,clay,rice
17,57,21,19.88,20.32,5.79,60.92,clay,beans
23,62,19,16.52,20.46,5.61,98.78,clay,beans
12,20,10,24.45,93.11,6.53,109.47,loamy,orange
52,68,78,17.49,16.96,6.9,86.05,loamy,soybean
20,79,77,18.55,16.03,7.65,76.33,loamy,soybean
47,80,77,17.18,16.43,7.56,72.85,loamy,soybean
110,21,54,26.74,87.82,6.75,47.46,loamy clay ,pepper
33,37,19,27.93,86.55,7.18,43.48,loamy,yam
80,26,55,24.53,88.99,6.14,49.12,loamy clay ,pepper
24,44,17,29.86,80.03,6.67,50.66,loamy,yam
38,62,25,32.75,67.78,7.45,63.38,sandy loam,cassava
99,50,15,18.15,71.09,5.57,88.08,sandy loam,maize
59,55,79,20.37,16.9,8.77,82.25,loamy,soybean
33,75,21,33.05,68.94,6.69,62.3,sandy loam,cassava
85,38,41,21.59,82.79,6.25,276.66,clay,rice
22,80,20,23.01,18.87,5.67,100.12,clay,beans
56,79,15,29.48,63.2,7.45,71.89,sandy loam,cassava
49,55,78,18.66,16.18,7.86,81.71,loamy,soybean
13,30,37,20.86,91.62,6.28,106.87,sandy loam,guinea_corn
13,22,5,19.67,90.5,7.76,100.17,loamy,orange
6,18,37,19.66,89.94,5.94,108.05,sandy loam,guinea_corn
70,36,42,21.84,80.73,6.95,202.38,clay,rice
89,60,19,25.19,66.69,5.91,78.07,sandy loam,maize
120,25,50,28.05,94.82,6.33,21.85,sandy loam,tomatoes
72,40,38,20.41,82.21,7.59,245.15,clay,rice
119,9,50,26.75,83.92,6.25,40.79,loamy clay ,pepper
52,63,19,29.59,68.32,6.93,67.53,sandy loam,cassava
19,78,16,20.65,23.11,5.97,67.72,clay,beans
31,37,21,27.24,86.4,6.71,37.31,loamy,yam
70,47,17,24.61,70.42,6.6,104.16,sandy loam,maize
83,45,21,18.83,58.75,5.72,79.75,sandy loam,maize
89,25,54,24.69,85.57,6.35,48.99,loamy clay ,pepper
73,45,21,24.61,73.59,6.64,96.59,sandy loam,maize
6,30,40,22.77,91.45,6.36,106.97,sandy loam,guinea_corn
111,6,53,26.49,88.59,6.31,46.06,loamy clay ,pepper
27,40,24,27.84,90.0,7.06,52.85,loamy,yam
6,18,37,19.66,89.94,5.94,108.05,sandy loam,guinea_corn
99,56,17,24.11,73.13,6.23,71.08,sandy loam,maize
44,59,78,20.68,19.85,7.6,84.78,loamy,soybean
93,56,42,23.86,82.23,7.38,195.09,clay,rice
39,58,85,17.89,15.41,6.0,68.55,loamy,soybean
27,56,20,19.26,20.51,5.54,94.95,clay,beans
23,39,22,29.26,81.98,6.86,42.02,loamy,yam
69,37,42,23.06,83.37,7.07,251.05,clay,rice
82,26,47,28.5,93.47,6.57,24.2,sandy loam,tomatoes
26,27,10,28.07,92.91,6.08,114.13,loamy,orange
0,17,42,23.2,91.19,6.86,109.09,sandy loam,guinea_corn
8,28,38,23.23,94.43,6.84,105.69,sandy loam,guinea_corn
76,40,43,25.16,83.12,5.07,231.38,clay,rice
22,54,20,28.56,83.64,6.69,41.01,loamy,yam
26,11,11,13.7,90.96,7.61,106.29,loamy,orange
27,64,21,32.84,68.68,7.54,73.67,sandy loam,cassava
25,70,16,19.63,18.91,5.76,106.36,clay,beans
5,23,15,25.67,92.05,7.41,112.54,loamy,orange
32,18,13,13.84,91.75,6.04,107.99,loamy,orange
86,37,16,20.52,59.21,5.56,67.61,sandy loam,maize
11,61,21,18.62,23.02,5.53,135.34,clay,beans
77,38,36,21.87,80.19,5.95,224.56,clay,rice
20,7,45,18.91,89.24,6.08,112.48,sandy loam,guinea_corn
20,45,22,29.59,89.99,6.9,54.96,loamy,yam
99,36,20,20.58,65.35,6.67,78.35,sandy loam,maize
40,58,75,18.59,14.78,6.17,89.61,loamy,soybean
26,80,83,17.08,16.15,7.53,71.31,loamy,soybean
59,62,83,18.58,19.22,8.1,72.95,loamy,soybean
83,11,53,29.54,92.92,6.16,21.97,sandy loam,tomatoes
8,23,38,19.3,87.18,7.01,105.48,sandy loam,guinea_corn
96,13,55,29.53,94.57,6.7,21.14,sandy loam,tomatoes
97,8,52,24.91,86.97,6.24,49.49,loamy clay ,pepper
109,26,45,28.28,90.39,6.22,21.59,sandy loam,tomatoes
14,37,15,27.96,83.98,6.58,48.94,loamy,yam
88,17,52,29.9,90.75,6.65,25.38,sandy loam,tomatoes
42,58,25,27.46,62.9,6.51,69.46,sandy loam,cassava
4,13,6,15.63,94.26,7.56,101.47,loamy,orange
22,26,38,22.92,85.13,6.99,110.24,sandy loam,guinea_corn
22,17,5,24.12,90.72,6.95,102.84,loamy,orange
22,60,24,18.78,20.25,5.63,104.26,clay,beans
5,21,38,22.43,90.34,6.11,112.46,sandy loam,guinea_corn
25,70,16,19.63,18.91,5.76,106.36,clay,beans
114,8,50,24.75,88.31,6.58,57.96,loamy clay ,pepper
26,65,22,17.85,18.78,5.95,143.1,clay,beans
31,75,18,15.47,21.44,5.82,88.89,clay,beans
13,17,45,21.25,92.65,7.16,106.28,sandy loam,guinea_corn
34,11,10,31.75,94.6,7.36,115.2,loamy,orange
65,60,22,25.37,72.52,6.61,107.91,sandy loam,maize
3,77,25,24.85,22.89,5.61,62.21,clay,beans
25,70,16,19.63,18.91,5.76,106.36,clay,beans
76,44,17,20.42,62.55,5.86,65.28,sandy loam,maize
118,18,52,28.05,90.83,6.56,20.76,sandy loam,tomatoes
93,56,36,24.01,82.06,6.98,185.28,clay,rice
42,74,83,19.26,14.28,7.55,65.78,loamy,soybean
0,49,18,29.68,87.94,6.99,41.82,loamy,yam
11,14,5,11.5,94.89,6.95,115.57,loamy,orange
53,73,77,19.71,18.1,7.33,73.64,loamy,soybean
82,18,48,29.1,94.17,6.16,26.71,sandy loam,tomatoes
52,70,16,33.67,66.6,7.53,67.33,sandy loam,cassava
28,58,81,17.48,16.54,6.18,93.35,loamy,soybean
111,6,53,26.49,88.59,6.31,46.06,loamy clay ,pepper
37,6,13,26.03,91.51,7.51,101.28,loamy,orange
4,20,41,24.27,93.8,6.54,104.54,sandy loam,guinea_corn
27,56,22,19.92,20.7,5.83,108.64,clay,beans
13,7,43,18.2,91.12,7.01,109.66,sandy loam,guinea_corn
8,25,36,19.91,94.95,6.83,104.03,sandy loam,guinea_corn
27,40,24,27.84,90.0,7.06,52.85,loamy,yam
35,64,15,28.47,63.54,6.5,69.53,sandy loam,cassava
20,79,77,18.55,16.03,7.65,76.33,loamy,soybean
82,20,54,29.34,90.02,6.54,21.45,sandy loam,tomatoes
78,58,15,25.01,67.82,6.53,62.91,sandy loam,maize
102,14,52,26.79,89.65,6.51,57.74,loamy clay ,pepper
44,63,15,26.42,64.51,7.34,63.47,sandy loam,cassava
60,61,78,20.71,19.84,6.32,94.04,loamy,soybean
52,68,78,17.49,16.96,6.9,86.05,loamy,soybean
21,63,22,25.1,67.73,6.86,74.62,sandy loam,cassava
84,57,25,22.54,67.99,6.49,64.41,sandy loam,maize
39,24,14,30.55,90.9,7.19,106.07,loamy,orange
30,70,79,20.27,19.97,7.31,69.64,loamy,soybean
83,58,45,25.76,83.52,5.88,245.66,clay,rice
53,74,15,29.43,64.94,7.52,72.18,sandy loam,cassava
24,30,11,32.4,94.52,6.6,113.25,loamy,orange
51,72,75,18.89,14.99,7.1,80.11,loamy,soybean
98,26,52,27.34,90.7,6.15,28.69,sandy loam,tomatoes
27,80,15,19.07,21.21,5.79,86.22,clay,beans
25,57,19,17.15,19.87,5.57,88.0,clay,beans
101,17,55,24.37,87.13,6.45,44.64,loamy clay ,pepper
37,49,25,29.91,85.85,6.42,41.39,loamy,yam
118,12,47,27.97,92.17,6.01,28.95,sandy loam,tomatoes
96,13,55,29.53,94.57,6.7,21.14,sandy loam,tomatoes
116,25,50,29.26,92.92,6.09,28.71,sandy loam,tomatoes
8,54,20,28.33,80.77,7.03,38.8,loamy,yam
107,11,54,28.59,91.34,6.09,29.44,sandy loam,tomatoes
20,29,10,29.07,93.27,7.37,100.79,loamy,orange
39,76,76,19.97,15.57,6.14,69.16,loamy,soybean
84,29,49,29.94,93.91,6.25,20.39,sandy loam,tomatoes
20,79,77,18.55,16.03,7.65,76.33,loamy,soybean
65,37,40,23.36,83.6,5.33,188.41,clay,rice
27,30,5,32.72,90.55,7.66,113.33,loamy,orange
77,36,37,26.88,81.46,6.14,194.58,clay,rice
22,17,5,24.12,90.72,6.95,102.84,loamy,orange
33,37,19,27.93,86.55,7.18,43.48,loamy,yam
102,14,52,26.79,89.65,6.51,57.74,loamy clay ,pepper
39,58,85,17.89,15.41,6.0,68.55,loamy,soybean
25,70,16,19.63,18.91,5.76,106.36,clay,beans
92,7,48,26.28,86.63,6.96,54.39,loamy clay ,pepper
13,47,20,29.22,87.94,6.54,43.14,loamy,yam
79,42,37,24.87,82.84,6.59,295.61,clay,rice
26,80,83,17.08,16.15,7.53,71.31,loamy,soybean
74,43,23,25.95,61.89,6.33,99.58,sandy loam,maize
120,8,46,29.56,90.71,6.73,28.37,sandy loam,tomatoes
43,79,79,19.41,18.98,7.81,80.25,loamy,soybean
32,13,42,23.5,92.98,5.79,106.62,sandy loam,guinea_corn
2,61,20,22.14,23.02,5.96,76.64,clay,beans
7,17,10,10.16,91.22,6.47,106.36,loamy,orange
27,56,22,19.92,20.7,5.83,108.64,clay,beans
97,22,50,26.26,86.15,6.77,58.98,loamy clay ,pepper
57,60,17,26.24,67.89,7.5,73.59,sandy loam,cassava
49,76,18,27.05,67.7,7.39,60.47,sandy loam,cassava
74,55,19,18.05,62.89,6.29,84.24,sandy loam,maize
32,18,13,13.84,91.75,6.04,107.99,loamy,orange
39,17,45,18.1,90.42,6.92,104.88,sandy loam,guinea_corn
28,46,16,29.01,84.96,6.66,45.91,loamy,yam
98,47,37,23.48,81.33,7.38,224.06,clay,rice
10,55,23,21.19,19.63,5.73,137.19,clay,beans
100,6,53,29.05,93.92,6.11,23.67,sandy loam,tomatoes
99,5,47,24.13,84.84,6.65,51.19,loamy clay ,pepper
21,23,42,19.54,90.3,6.9,104.37,sandy loam,guinea_corn
40,73,20,21.59,20.32,5.81,61.14,clay,beans
61,38,20,18.48,62.7,5.97,65.44,sandy loam,maize
87,54,20,25.62,63.47,6.58,108.83,sandy loam,maize
2,61,20,22.14,23.02,5.96,76.64,clay,beans
21,63,17,15.77,19.23,5.98,108.34,clay,beans
82,40,40,23.83,84.81,6.27,298.56,clay,rice
101,25,52,29.1,94.22,6.75,22.52,sandy loam,tomatoes
19,65,25,18.1,18.29,5.63,144.79,clay,beans
84,50,44,25.49,81.41,5.94,182.65,clay,rice
13,47,20,29.22,87.94,6.54,43.14,loamy,yam
13,69,19,17.31,20.02,5.86,115.2,clay,beans
99,55,35,21.72,80.24,6.5,277.96,clay,rice
95,16,55,25.27,87.55,6.61,40.13,loamy clay ,pepper
80,43,16,23.56,71.59,6.66,66.72,sandy loam,maize
78,37,22,25.34,63.32,6.33,74.52,sandy loam,maize
14,67,22,23.83,24.75,5.62,84.64,clay,beans
83,22,54,25.9,81.97,6.28,54.5,loamy clay ,pepper
23,30,44,20.94,85.43,6.12,103.03,sandy loam,guinea_corn
20,23,11,31.85,90.12,6.41,109.95,loamy,orange
23,5,44,21.21,94.26,7.16,107.57,sandy loam,guinea_corn
42,58,25,27.46,62.9,6.51,69.46,sandy loam,cassava
37,56,25,22.06,19.6,5.77,126.73,clay,beans
27,13,6,13.36,91.36,7.34,111.23,loamy,orange
20,69,15,23.44,22.77,5.93,107.41,clay,beans
106,16,54,28.96,91.7,6.59,24.75,sandy loam,tomatoes
14,5,36,24.93,85.19,5.83,104.77,sandy loam,guinea_corn
118,18,52,28.05,90.83,6.56,20.76,sandy loam,tomatoes
13,23,6,23.96,90.26,7.37,102.7,loamy,orange
16,75,21,18.51,23.62,5.68,87.05,clay,beans
92,60,23,18.67,71.52,5.72,69.93,sandy loam,maize
85,27,45,26.07,88.73,6.47,57.8,loamy clay ,pepper
54,61,77,18.81,15.22,6.21,77.54,loamy,soybean
1,59,23,27.47,87.18,7.18,43.78,loamy,yam
17,64,17,21.02,24.94,5.66,124.61,clay,beans
20,40,15,29.57,88.08,7.2,45.04,loamy,yam
83,41,43,21.05,82.68,6.25,233.11,clay,rice
67,43,39,26.04,84.97,6.0,186.75,clay,rice
68,41,16,21.78,57.81,6.16,102.09,sandy loam,maize
67,45,38,22.73,82.17,7.3,260.89,clay,rice
83,41,43,21.05,82.68,6.25,233.11,clay,rice
85,22,53,25.97,89.77,6.85,59.46,loamy clay ,pepper
27,79,82,17.07,17.54,6.31,70.87,loamy,soybean
113,20,48,27.47,94.88,6.44,27.28,sandy loam,tomatoes
107,11,54,28.59,91.34,6.09,29.44,sandy loam,tomatoes
35,69,23,16.79,24.97,5.58,75.45,clay,beans
16,7,8,22.79,90.61,6.42,116.51,loamy,orange
24,55,78,17.3,15.15,6.65,75.58,loamy,soybean
17,57,21,19.88,20.32,5.79,60.92,clay,beans
107,22,54,28.0,90.85,6.63,21.62,sandy loam,tomatoes
34,60,22,17.66,18.15,5.64,100.67,clay,beans
8,23,44,18.47,89.69,7.13,108.48,sandy loam,guinea_corn
61,44,17,26.1,71.57,6.93,102.27,sandy loam,maize
9,80,19,21.81,18.57,5.95,125.1,clay,beans
109,21,55,24.9,89.74,6.77,57.45,loamy clay ,pepper
29,22,40,23.63,89.73,6.15,107.68,sandy loam,guinea_corn
40,18,43,19.39,86.79,5.77,109.91,sandy loam,guinea_corn
13,69,19,17.31,20.02,5.86,115.2,clay,beans
11,10,45,22.63,88.46,6.4,109.04,sandy loam,guinea_corn
37,56,25,22.06,19.6,5.77,126.73,clay,beans
76,39,24,24.25,55.65,7.0,64.24,sandy loam,maize
107,22,54,28.0,90.85,6.63,21.62,sandy loam,tomatoes
97,25,50,26.22,80.9,6.09,49.09,loamy clay ,pepper
56,75,15,30.2,60.07,7.15,66.37,sandy loam,cassava
20,69,15,23.44,22.77,5.93,107.41,clay,beans
81,18,50,26.44,80.92,6.51,47.82,loamy clay ,pepper
115,17,55,27.58,94.12,6.78,28.08,sandy loam,tomatoes
5,23,15,25.67,92.05,7.41,112.54,loamy,orange
17,16,14,16.4,92.18,6.63,102.94,loamy,orange
19,78,16,20.65,23.11,5.97,67.72,clay,beans
12,6,8,30.85,92.87,6.39,107.41,loamy,orange
76,49,42,24.96,84.48,5.21,196.96,clay,rice
24,55,78,17.3,15.15,6.65,75.58,loamy,soybean
27,62,24,28.63,66.77,7.35,62.27,sandy loam,cassava
22,71,17,18.15,19.39,5.51,107.69,clay,beans
24,18,6,26.57,94.45,6.29,116.38,loamy,orange
9,16,36,23.78,92.93,5.89,106.98,sandy loam,guinea_corn
82,40,40,23.83,84.81,6.27,298.56,clay,rice
85,25,47,26.11,87.64,6.3,58.48,loamy clay ,pepper
27,63,19,20.93,21.19,5.56,133.19,clay,beans
36,7,37,19.87,86.36,5.78,108.32,sandy loam,guinea_corn
75,38,39,23.45,84.79,6.22,283.93,clay,rice
4,20,41,24.27,93.8,6.54,104.54,sandy loam,guinea_corn
23,72,84,19.02,17.13,6.92,79.93,loamy,soybean
27,62,24,28.63,66.77,7.35,62.27,sandy loam,cassava
11,18,42,21.58,94.88,5.94,102.86,sandy loam,guinea_corn
99,50,15,18.15,71.09,5.57,88.08,sandy loam,maize
5,59,15,18.87,20.18,5.97,134.18,clay,beans
77,36,23,24.71,56.73,6.65,88.45,sandy loam,maize
110,15,48,28.58,92.87,6.21,27.6,sandy loam,tomatoes
37,55,82,19.46,18.02,6.42,78.45,loamy,soybean
42,62,75,18.18,18.9,7.01,81.85,loamy,soybean
29,36,25,28.29,88.44,7.13,48.57,loamy,yam
79,43,39,21.67,80.71,7.06,210.81,clay,rice
27,60,17,26.42,63.65,7.03,64.42,sandy loam,cassava
28,68,19,34.64,61.39,7.7,72.43,sandy loam,cassava
25,27,41,19.2,94.28,6.92,108.04,sandy loam,guinea_corn
30,63,16,23.61,21.91,5.53,100.6,clay,beans
17,77,24,20.77,18.93,5.57,109.02,clay,beans
89,60,17,25.38,57.21,5.98,101.7,sandy loam,maize
39,76,76,19.97,15.57,6.14,69.16,loamy,soybean
0,18,14,29.77,92.01,7.21,114.42,loamy,orange
39,37,15,29.0,83.79,6.82,59.84,loamy,yam
83,9,45,25.85,89.13,6.05,46.85,loamy clay ,pepper
95,12,46,26.22,81.01,6.32,54.65,loamy clay ,pepper
95,13,46,29.84,93.76,6.13,23.28,sandy loam,tomatoes
40,58,15,29.46,87.61,6.98,43.15,loamy,yam
36,43,22,27.83,87.17,6.39,58.37,loamy,yam
113,20,48,27.47,94.88,6.44,27.28,sandy loam,tomatoes
23,57,19,32.84,68.0,7.25,73.4,sandy loam,cassava
60,57,24,18.66,61.55,6.12,75.03,sandy loam,maize
22,17,5,24.12,90.72,6.95,102.84,loamy,orange
21,38,21,29.76,86.45,6.64,37.55,loamy,yam
98,7,45,27.79,92.51,6.16,26.85,sandy loam,tomatoes
11,10,45,22.63,88.46,6.4,109.04,sandy loam,guinea_corn
58,70,84,20.65,16.61,6.23,74.66,loamy,soybean
43,68,20,29.58,66.18,7.5,69.44,sandy loam,cassava
76,49,42,24.96,84.48,5.21,196.96,clay,rice
3,77,25,24.85,22.89,5.61,62.21,clay,beans
0,55,22,22.99,20.58,5.92,143.86,clay,beans
88,38,15,25.08,65.92,6.46,62.49,sandy loam,maize
39,71,84,20.28,16.4,8.14,82.52,loamy,soybean
61,59,17,23.34,59.25,6.47,105.01,sandy loam,maize
98,7,45,27.79,92.51,6.16,26.85,sandy loam,tomatoes
20,8,12,25.3,94.96,7.26,117.97,loamy,orange
72,40,38,20.41,82.21,7.59,245.15,clay,rice
36,65,80,18.29,16.68,6.05,74.87,loamy,soybean
59,69,80,19.08,17.87,8.17,69.41,loamy,soybean
0,5,36,24.35,90.89,6.15,105.53,sandy loam,guinea_corn
53,65,76,20.19,16.42,6.72,77.34,loamy,soybean
108,23,51,26.84,83.85,6.11,40.23,loamy clay ,pepper
13,60,25,17.14,20.61,5.69,128.26,clay,beans
79,59,17,20.38,63.74,6.64,108.51,sandy loam,maize
8,16,6,12.23,90.26,7.11,108.42,loamy,orange
37,56,25,22.06,19.6,5.77,126.73,clay,beans
105,30,50,25.3,81.78,6.38,57.04,loamy clay ,pepper
114,30,51,29.25,90.07,6.07,25.93,sandy loam,tomatoes
24,55,78,17.3,15.15,6.65,75.58,loamy,soybean
7,16,9,18.88,92.04,7.81,114.67,loamy,orange
14,48,21,29.25,84.8,6.99,53.43,loamy,yam
89,22,52,24.9,86.11,6.22,53.15,loamy clay ,pepper
12,61,19,19.33,24.14,5.66,68.51,clay,beans
39,30,38,20.13,87.6,6.97,108.07,sandy loam,guinea_corn
104,17,46,25.71,80.23,6.19,43.09,loamy clay ,pepper
79,45,20,23.81,59.25,5.72,89.96,sandy loam,maize
32,13,42,23.5,92.98,5.79,106.62,sandy loam,guinea_corn
95,21,47,27.93,93.56,6.43,20.66,sandy loam,tomatoes
46,76,77,18.24,19.69,6.97,83.75,loamy,soybean
23,59,19,21.99,24.87,5.85,129.57,clay,beans
19,35,24,27.11,83.64,6.88,49.12,loamy,yam
91,7,52,25.08,83.46,6.41,56.4,loamy clay ,pepper
25,63,20,15.79,21.15,5.5,95.17,clay,beans
4,40,21,28.8,80.46,6.73,44.3,loamy,yam
60,59,22,31.87,66.74,7.19,74.22,sandy loam,cassava
42,74,83,19.26,14.28,7.55,65.78,loamy,soybean
77,52,17,24.86,65.74,5.71,75.82,sandy loam,maize
30,44,16,29.73,82.89,6.44,50.92,loamy,yam
89,45,36,21.33,80.47,6.44,185.5,clay,rice
0,18,14,29.77,92.01,7.21,114.42,loamy,orange
99,36,20,20.58,65.35,6.67,78.35,sandy loam,maize
40,68,17,34.13,65.15,7.73,70.41,sandy loam,cassava
104,23,47,26.98,86.7,6.77,42.91,loamy clay ,pepper
0,23,15,22.57,93.37,7.6,109.86,loamy,orange
53,74,15,29.43,64.94,7.52,72.18,sandy loam,cassava
31,58,15,27.11,84.97,7.12,51.53,loamy,yam
71,46,40,20.28,82.12,7.24,191.95,clay,rice
23,62,85,18.97,19.52,8.49,80.71,loamy,soybean
27,40,24,27.84,90.0,7.06,52.85,loamy,yam
3,26,39,24.38,91.19,7.08,103.6,sandy loam,guinea_corn
119,25,51,26.47,80.92,6.28,53.66,loamy clay ,pepper
12,6,8,30.85,92.87,6.39,107.41,loamy,orange
43,68,81,17.48,17.93,6.76,78.92,loamy,soybean
43,68,81,17.48,17.93,6.76,78.92,loamy,soybean
94,50,19,23.3,73.63,5.87,97.59,sandy loam,maize
31,5,14,17.67,91.7,6.58,110.69,loamy,orange
25,65,21,33.86,68.59,6.88,69.24,sandy loam,cassava
27,56,20,19.26,20.51,5.54,94.95,clay,beans
44,77,21,32.64,61.3,7.33,61.84,sandy loam,cassava
40,78,20,19.19,20.83,5.67,80.15,clay,beans
60,49,44,20.78,84.5,6.24,240.08,clay,rice
84,44,21,21.87,61.91,5.85,107.27,sandy loam,maize
109,10,53,26.82,87.83,6.55,46.06,loamy clay ,pepper
5,29,44,21.02,93.06,5.58,104.78,sandy loam,guinea_corn
25,21,11,32.24,90.15,6.46,104.71,loamy,orange
95,12,51,25.76,84.17,6.68,44.22,loamy clay ,pepper
80,16,46,25.5,81.4,6.94,48.48,loamy clay ,pepper
60,48,39,24.28,80.3,7.04,231.09,clay,rice
14,5,36,24.93,85.19,5.83,104.77,sandy loam,guinea_corn
76,40,43,25.16,83.12,5.07,231.38,clay,rice
37,6,13,26.03,91.51,7.51,101.28,loamy,orange
22,80,20,23.01,18.87,5.67,100.12,clay,beans
30,44,16,29.73,82.89,6.44,50.92,loamy,yam
110,21,54,26.74,87.82,6.75,47.46,loamy clay ,pepper
23,39,22,29.26,81.98,6.86,42.02,loamy,yam
31,53,16,28.74,85.82,6.45,48.55,loamy,yam
33,77,21,30.33,65.63,7.01,71.65,sandy loam,cassava
83,45,21,18.83,58.75,5.72,79.75,sandy loam,maize
26,27,10,28.07,92.91,6.08,114.13,loamy,orange
39,17,45,18.1,90.42,6.92,104.88,sandy loam,guinea_corn
85,9,53,28.21,92.87,6.45,28.79,sandy loam,tomatoes
32,60,83,19.69,19.44,8.83,91.76,loamy,soybean
22,23,44,20.13,89.32,6.14,107.34,sandy loam,guinea_corn
31,40,22,29.41,86.16,6.37,53.35,loamy,yam
40,78,20,19.19,20.83,5.67,80.15,clay,beans
40,30,35,20.89,91.08,6.27,104.44,sandy loam,guinea_corn
66,60,38,22.09,83.47,6.37,231.74,clay,rice
7,79,23,19.64,19.69,5.82,96.66,clay,beans
82,25,51,24.31,87.47,6.07,48.11,loamy clay ,pepper
1,62,23,15.44,18.37,5.61,139.03,clay,beans
22,70,19,18.24,21.08,5.52,69.45,clay,beans
23,59,25,27.83,88.73,6.32,56.69,loamy,yam
99,50,15,18.15,71.09,5.57,88.08,sandy loam,maize
113,20,48,27.47,94.88,6.44,27.28,sandy loam,tomatoes
30,20,38,22.6,93.16,7.06,110.09,sandy loam,guinea_corn
72,60,25,18.53,69.03,5.77,88.1,sandy loam,maize
108,23,51,26.84,83.85,6.11,40.23,loamy clay ,pepper
28,46,16,29.01,84.96,6.66,45.91,loamy,yam
38,60,76,18.65,17.81,8.87,77.93,loamy,soybean
35,63,76,17.82,17.61,6.71,90.82,loamy,soybean
68,57,43,26.09,80.38,5.71,182.9,clay,rice
104,17,46,25.71,80.23,6.19,43.09,loamy clay ,pepper
23,59,19,21.99,24.87,5.85,129.57,clay,beans
91,13,47,29.11,92.44,6.14,27.96,sandy loam,tomatoes
104,23,47,26.98,86.7,6.77,42.91,loamy clay ,pepper
60,68,83,19.12,18.43,6.62,85.53,loamy,soybean
84,29,49,29.94,93.91,6.25,20.39,sandy loam,tomatoes
82,23,49,26.81,87.22,6.87,51.7,loamy clay ,pepper
85,21,47,29.87,90.61,6.19,24.7,sandy loam,tomatoes
87,21,52,27.35,94.29,6.07,27.21,sandy loam,tomatoes
90,16,45,24.92,80.62,6.29,50.56,loamy clay ,pepper
3,27,44,24.57,92.03,6.59,110.96,sandy loam,guinea_corn
18,12,8,12.59,91.82,6.21,119.39,loamy,orange
118,18,52,28.05,90.83,6.56,20.76,sandy loam,tomatoes
118,18,52,28.05,90.83,6.56,20.76,sandy loam,tomatoes
80,26,55,24.53,88.99,6.14,49.12,loamy clay ,pepper
21,29,12,22.3,92.16,6.44,117.37,loamy,orange
37,65,16,22.84,18.97,5.68,63.59,clay,beans
100,10,53,24.54,84.61,6.21,42.01,loamy clay ,pepper
14,57,15,29.88,83.15,6.62,40.12,loamy,yam
29,22,40,23.63,89.73,6.15,107.68,sandy loam,guinea_corn
119,19,55,25.19,83.45,6.82,46.87,loamy clay ,pepper
32,79,15,23.91,20.75,5.71,81.6,clay,beans
39,58,85,17.89,15.41,6.0,68.55,loamy,soybean
114,27,48,27.82,93.04,6.53,26.32,sandy loam,tomatoes
27,80,15,19.07,21.21,5.79,86.22,clay,beans
4,13,6,15.63,94.26,7.56,101.47,loamy,orange
23,39,22,29.26,81.98,6.86,42.02,loamy,yam
21,21,38,22.55,89.33,6.33,104.9,sandy loam,guinea_corn
22,64,82,19.49,17.17,6.47,87.51,loamy,soybean
28,72,84,18.73,19.18,6.48,71.58,loamy,soybean
51,72,75,18.89,14.99,7.1,80.11,loamy,soybean
99,6,46,28.61,94.22,6.4,28.99,sandy loam,tomatoes
28,7,9,34.59,92.13,6.73,115.57,loamy,orange
36,24,41,24.94,94.26,7.01,103.88,sandy loam,guinea_corn
96,18,50,25.33,84.31,6.9,41.53,loamy clay ,pepper
89,54,38,24.52,83.54,6.69,230.45,clay,rice
12,78,23,16.07,18.72,6.0,88.07,clay,beans
95,16,46,27.08,90.14,6.75,24.45,sandy loam,tomatoes
82,43,38,23.29,81.43,5.11,242.32,clay,rice
53,74,15,29.43,64.94,7.52,72.18,sandy loam,cassava
57,56,78,17.34,18.76,6.86,67.95,loamy,soybean
4,20,41,24.27,93.8,6.54,104.54,sandy loam,guinea_corn
4,19,43,18.07,93.15,5.78,106.36,sandy loam,guinea_corn
58,61,15,30.95,64.23,7.4,62.79,sandy loam,cassava
107,5,52,26.66,89.98,6.88,57.41,loamy clay ,pepper
88,46,42,22.68,83.46,6.6,194.27,clay,rice
30,65,82,20.71,15.28,6.11,76.78,loamy,soybean
33,80,22,28.57,65.72,6.59,70.09,sandy loam,cassava
7,56,18,18.31,24.33,5.7,76.14,clay,beans
20,8,12,25.3,94.96,7.26,117.97,loamy,orange
28,7,9,34.59,92.13,6.73,115.57,loamy,orange
20,20,10,11.87,93.68,6.98,106.06,loamy,orange
82,23,49,26.81,87.22,6.87,51.7,loamy clay ,pepper
29,16,36,19.81,88.93,5.74,102.86,sandy loam,guinea_corn
5,13,37,22.34,89.79,5.65,103.32,sandy loam,guinea_corn
36,38,15,28.36,87.6,6.32,58.0,loamy,yam
10,5,5,21.21,91.35,7.82,112.98,loamy,orange
1,62,23,15.44,18.37,5.61,139.03,clay,beans
37,11,36,24.25,85.56,6.71,106.92,sandy loam,guinea_corn
7,20,12,16.53,94.77,6.48,110.04,loamy,orange
32,57,18,15.54,23.76,5.7,107.39,clay,beans
5,45,21,28.36,88.01,6.49,43.05,loamy,yam
9,8,40,22.49,89.92,6.55,111.66,sandy loam,guinea_corn
29,63,17,30.03,67.89,7.26,66.47,sandy loam,cassava
83,58,45,25.76,83.52,5.88,245.66,clay,rice
54,62,80,17.49,16.39,7.49,79.46,loamy,soybean
42,67,77,18.99,15.94,6.11,78.71,loamy,soybean
84,25,52,24.37,81.25,6.13,44.21,loamy clay ,pepper
14,22,9,17.25,91.14,6.54,112.51,loamy,orange
29,16,36,19.81,88.93,5.74,102.86,sandy loam,guinea_corn
19,55,20,27.43,87.81,7.19,54.73,loamy,yam
81,53,42,23.68,81.04,5.18,233.7,clay,rice
31,26,9,11.7,93.26,7.57,103.2,loamy,orange
120,24,47,26.99,89.41,6.26,58.55,loamy clay ,pepper
13,57,25,28.3,86.21,6.86,50.47,loamy,yam
9,8,40,22.49,89.92,6.55,111.66,sandy loam,guinea_corn
9,69,20,19.31,23.96,5.59,129.34,clay,beans
101,17,55,24.37,87.13,6.45,44.64,loamy clay ,pepper
47,63,16,27.44,67.1,6.66,72.51,sandy loam,cassava
29,22,40,23.63,89.73,6.15,107.68,sandy loam,guinea_corn
57,58,77,18.73,17.58,7.98,81.2,loamy,soybean
39,25,36,18.9,95.0,5.57,107.61,sandy loam,guinea_corn
27,30,5,32.72,90.55,7.66,113.33,loamy,orange
25,68,77,20.09,15.11,7.7,85.75,loamy,soybean
61,38,20,18.48,62.7,5.97,65.44,sandy loam,maize
117,19,55,28.8,91.78,6.12,25.16,sandy loam,tomatoes
43,79,79,19.41,18.98,7.81,80.25,loamy,soybean
24,67,22,20.12,22.9,5.62,104.63,clay,beans
81,18,50,26.44,80.92,6.51,47.82,loamy clay ,pepper
19,17,39,24.72,85.56,6.73,111.28,sandy loam,guinea_corn
20,68,17,30.12,60.12,6.58,71.73,sandy loam,cassava
29,11,5,23.13,91.95,7.64,104.42,loamy,orange
120,23,55,27.84,91.61,6.73,26.48,sandy loam,tomatoes
98,8,51,26.18,86.52,6.26,49.43,loamy clay ,pepper
9,25,41,24.82,91.91,5.97,109.29,sandy loam,guinea_corn
61,52,41,24.98,83.89,6.88,204.8,clay,rice
14,22,9,17.25,91.14,6.54,112.51,loamy,orange
90,16,45,24.92,80.62,6.29,50.56,loamy clay ,pepper
87,21,52,27.35,94.29,6.07,27.21,sandy loam,tomatoes
15,14,8,10.01,90.22,6.22,119.39,loamy,orange
6,18,37,19.66,89.94,5.94,108.05,sandy loam,guinea_corn
100,10,53,24.54,84.61,6.21,42.01,loamy clay ,pepper
95,16,55,25.27,87.55,6.61,40.13,loamy clay ,pepper
58,75,25,25.26,61.37,7.26,68.65,sandy loam,cassava
5,13,37,22.34,89.79,5.65,103.32,sandy loam,guinea_corn
85,22,53,25.97,89.77,6.85,59.46,loamy clay ,pepper
20,8,12,25.3,94.96,7.26,117.97,loamy,orange
40,9,41,24.38,85.4,5.78,106.13,sandy loam,guinea_corn
77,57,21,24.93,73.8,6.55,79.74,sandy loam,maize
82,23,49,26.81,87.22,6.87,51.7,loamy clay ,pepper
81,6,55,24.89,85.87,6.11,51.71,loamy clay ,pepper
34,60,23,20.13,24.97,5.66,100.05,clay,beans
84,21,55,28.47,94.79,6.49,21.08,sandy loam,tomatoes
2,21,44,18.92,87.31,6.57,102.8,sandy loam,guinea_corn
98,22,47,29.07,91.92,6.34,28.84,sandy loam,tomatoes
23,30,44,20.94,85.43,6.12,103.03,sandy loam,guinea_corn
32,66,17,34.95,65.27,7.16,70.14,sandy loam,cassava
60,43,44,21.02,82.95,7.42,298.4,clay,rice
10,5,5,21.21,91.35,7.82,112.98,loamy,orange
90,46,42,23.98,81.45,7.5,250.08,clay,rice
24,80,22,16.71,19.18,5.64,96.77,clay,beans
39,9,15,25.35,91.81,7.99,116.76,loamy,orange
6,47,18,29.16,80.28,6.72,40.17,loamy,yam
11,78,22,23.9,22.74,5.94,112.66,clay,beans
60,54,19,18.75,62.5,6.42,70.23,sandy loam,maize
111,6,53,26.49,88.59,6.31,46.06,loamy clay ,pepper
27,64,15,20.16,24.84,5.51,138.24,clay,beans
89,9,47,29.47,90.77,6.67,28.75,sandy loam,tomatoes
34,60,16,31.36,64.25,7.32,63.86,sandy loam,cassava
23,30,44,20.94,85.43,6.12,103.03,sandy loam,guinea_corn
84,7,51,26.82,87.66,6.4,55.74,loamy clay ,pepper
66,53,41,25.08,80.52,7.78,257.0,clay,rice
95,16,46,27.08,90.14,6.75,24.45,sandy loam,tomatoes
0,65,15,23.46,23.22,5.65,95.84,clay,beans
109,12,48,29.46,92.13,6.71,20.76,sandy loam,tomatoes
120,24,47,26.99,89.41,6.26,58.55,loamy clay ,pepper
5,23,15,25.67,92.05,7.41,112.54,loamy,orange
114,8,52,29.34,94.55,6.42,28.23,sandy loam,tomatoes
60,44,23,24.79,70.05,5.72,76.73,sandy loam,maize
71,46,40,20.28,82.12,7.24,191.95,clay,rice
16,10,41,24.77,85.64,6.74,105.76,sandy loam,guinea_corn
87,35,25,21.45,63.16,6.18,65.89,sandy loam,maize
6,8,11,24.36,92.4,6.6,119.69,loamy,orange
98,25,52,25.28,83.15,6.22,49.29,loamy clay ,pepper
37,64,22,17.48,18.83,5.95,121.94,clay,beans
66,44,20,19.08,69.02,6.74,80.73,sandy loam,maize
34,71,79,17.93,15.86,7.73,74.64,loamy,soybean
98,35,18,23.8,74.83,6.25,91.76,sandy loam,maize
39,9,15,25.35,91.81,7.99,116.76,loamy,orange
13,5,8,23.85,90.11,7.47,103.92,loamy,orange
9,8,15,14.34,94.36,7.99,110.22,loamy,orange
20,23,11,31.85,90.12,6.41,109.95,loamy,orange
36,43,22,27.83,87.17,6.39,58.37,loamy,yam
19,39,17,29.28,81.8,6.89,44.47,loamy,yam
32,13,42,23.5,92.98,5.79,106.62,sandy loam,guinea_corn
31,25,12,18.05,90.04,7.02,111.78,loamy,orange
9,77,17,20.12,24.45,5.78,106.16,clay,beans
34,29,8,31.88,91.15,6.45,105.34,loamy,orange
97,59,43,26.36,84.04,6.29,271.36,clay,rice
5,18,14,33.11,93.48,7.43,119.17,loamy,orange
9,8,40,22.49,89.92,6.55,111.66,sandy loam,guinea_corn
3,9,45,23.89,89.62,6.54,104.62,sandy loam,guinea_corn
93,56,42,23.86,82.23,7.38,195.09,clay,rice
36,43,22,27.83,87.17,6.39,58.37,loamy,yam
114,27,48,27.82,93.04,6.53,26.32,sandy loam,tomatoes
101,17,47,29.49,94.73,6.19,26.31,sandy loam,tomatoes
120,8,46,29.56,90.71,6.73,28.37,sandy loam,tomatoes
28,35,22,29.53,86.73,7.16,59.87,loamy,yam
4,40,21,28.8,80.46,6.73,44.3,loamy,yam
98,8,51,26.18,86.52,6.26,49.43,loamy clay ,pepper
21,38,21,29.76,86.45,6.64,37.55,loamy,yam
48,62,15,25.37,66.64,7.54,65.82,sandy loam,cassava
92,7,48,26.28,86.63,6.96,54.39,loamy clay ,pepper
66,44,20,19.08,69.02,6.74,80.73,sandy loam,maize
74,58,18,20.04,56.36,6.73,109.02,sandy loam,maize
88,29,51,24.72,88.95,6.1,48.46,loamy clay ,pepper
28,68,19,34.64,61.39,7.7,72.43,sandy loam,cassava
89,54,38,24.52,83.54,6.69,230.45,clay,rice
104,23,47,26.98,86.7,6.77,42.91,loamy clay ,pepper
18,79,20,20.28,23.24,5.88,139.75,clay,beans
8,16,6,12.23,90.26,7.11,108.42,loamy,orange
14,25,40,20.07,90.98,6.41,103.71,sandy loam,guinea_corn
4,14,41,19.85,89.81,6.43,102.82,sandy loam,guinea_corn
57,68,81,17.17,17.3,8.08,72.79,loamy,soybean
39,71,84,20.28,16.4,8.14,82.52,loamy,soybean
40,18,43,19.39,86.79,5.77,109.91,sandy loam,guinea_corn
5,18,14,33.11,93.48,7.43,119.17,loamy,orange
19,17,39,24.72,85.56,6.73,111.28,sandy loam,guinea_corn
91,24,55,26.27,83.09,6.26,46.77,loamy clay ,pepper
111,6,53,26.49,88.59,6.31,46.06,loamy clay ,pepper
34,21,42,18.76,89.93,6.65,111.02,sandy loam,guinea_corn
27,76,83,19.13,14.92,6.29,89.62,loamy,soybean
14,8,43,21.93,94.46,7.05,111.72,sandy loam,guinea_corn
21,6,41,24.88,89.4,7.09,107.2,sandy loam,guinea_corn
17,52,17,27.88,86.45,6.36,44.64,loamy,yam
27,63,19,20.93,21.19,5.56,133.19,clay,beans
10,5,42,20.24,91.09,6.89,109.25,sandy loam,guinea_corn
113,30,50,26.04,83.99,6.28,43.88,loamy clay ,pepper
57,68,81,17.17,17.3,8.08,72.79,loamy,soybean
81,49,20,18.04,60.61,5.51,104.23,sandy loam,maize
89,60,19,25.19,66.69,5.91,78.07,sandy loam,maize
47,79,78,17.48,14.76,6.61,65.11,loamy,soybean
98,7,45,27.79,92.51,6.16,26.85,sandy loam,tomatoes
16,15,42,19.68,89.09,6.89,108.55,sandy loam,guinea_corn
115,18,53,29.17,94.2,6.01,22.07,sandy loam,tomatoes
98,26,49,27.29,90.53,6.13,23.5,sandy loam,tomatoes
41,69,82,20.02,16.63,6.72,68.98,loamy,soybean
114,8,52,29.34,94.55,6.42,28.23,sandy loam,tomatoes
20,40,15,29.57,88.08,7.2,45.04,loamy,yam
37,18,12,10.27,90.19,7.4,106.7,loamy,orange
21,78,19,27.16,66.76,6.92,69.85,sandy loam,cassava
18,14,11,28.05,90.01,6.55,117.13,loamy,orange
34,71,79,17.93,15.86,7.73,74.64,loamy,soybean
101,17,47,29.49,94.73,6.19,26.31,sandy loam,tomatoes
44,74,85,20.19,19.64,7.15,78.26,loamy,soybean
20,7,45,18.91,89.24,6.08,112.48,sandy loam,guinea_corn
119,9,50,26.75,83.92,6.25,40.79,loamy clay ,pepper
37,18,12,10.27,90.19,7.4,106.7,loamy,orange
20,79,77,18.55,16.03,7.65,76.33,loamy,soybean
62,48,20,21.7,60.47,6.71,95.71,sandy loam,maize
49,76,18,27.05,67.7,7.39,60.47,sandy loam,cassava
67,45,38,22.73,82.17,7.3,260.89,clay,rice
34,47,19,27.31,85.45,6.57,53.15,loamy,yam
16,7,8,22.79,90.61,6.42,116.51,loamy,orange
87,6,45,29.83,90.79,6.4,22.84,sandy loam,tomatoes
87,60,23,20.27,63.91,6.44,62.5,sandy loam,maize
98,25,52,25.28,83.15,6.22,49.29,loamy clay ,pepper
3,67,24,17.0,19.91,5.52,103.29,clay,beans
30,20,38,22.6,93.16,7.06,110.09,sandy loam,guinea_corn
39,71,84,20.28,16.4,8.14,82.52,loamy,soybean
114,8,50,24.75,88.31,6.58,57.96,loamy clay ,pepper
21,72,17,31.52,66.56,7.58,61.71,sandy loam,cassava
21,63,17,15.77,19.23,5.98,108.34,clay,beans
20,41,20,29.27,89.49,7.07,50.92,loamy,yam
95,21,47,27.93,93.56,6.43,20.66,sandy loam,tomatoes
32,18,13,13.84,91.75,6.04,107.99,loamy,orange
67,51,24,23.5,61.32,5.58,64.78,sandy loam,maize
13,22,5,19.67,90.5,7.76,100.17,loamy,orange
100,18,52,26.2,80.38,6.88,56.48,loamy clay ,pepper
29,70,15,30.33,63.55,6.87,74.17,sandy loam,cassava
88,55,45,24.64,80.41,7.73,253.72,clay,rice
114,8,50,24.75,88.31,6.58,57.96,loamy clay ,pepper
11,71,24,21.14,22.72,5.61,141.61,clay,beans
49,55,78,18.66,16.18,7.86,81.71,loamy,soybean
90,23,54,28.56,90.46,6.16,27.27,sandy loam,tomatoes
85,9,53,28.21,92.87,6.45,28.79,sandy loam,tomatoes
100,18,52,26.2,80.38,6.88,56.48,loamy clay ,pepper
36,38,15,28.36,87.6,6.32,58.0,loamy,yam
14,48,21,29.25,84.8,6.99,53.43,loamy,yam
24,56,85,18.2,17.41,6.55,80.64,loamy,soybean
19,7,10,14.78,91.22,6.12,100.2,loamy,orange
97,22,50,26.26,86.15,6.77,58.98,loamy clay ,pepper
3,9,45,23.89,89.62,6.54,104.62,sandy loam,guinea_corn
93,53,38,26.93,81.91,7.07,290.68,clay,rice
9,10,10,22.36,93.52,6.01,101.52,loamy,orange
11,46,24,27.65,89.81,6.46,56.53,loamy,yam
85,58,41,21.77,80.32,7.04,226.66,clay,rice
29,68,23,24.16,19.28,5.83,116.73,clay,beans
2,24,38,24.56,91.64,5.92,111.97,sandy loam,guinea_corn
52,73,79,17.26,18.75,7.84,94.0,loamy,soybean
14,8,43,21.93,94.46,7.05,111.72,sandy loam,guinea_corn
20,27,41,20.51,92.52,5.7,110.58,sandy loam,guinea_corn
69,37,42,23.06,83.37,7.07,251.05,clay,rice
53,73,77,19.71,18.1,7.33,73.64,loamy,soybean
23,72,84,19.02,17.13,6.92,79.93,loamy,soybean
15,6,41,19.01,88.84,6.9,108.68,sandy loam,guinea_corn
26,15,6,17.22,94.79,6.91,108.01,loamy,orange
9,57,24,29.89,89.72,7.17,42.99,loamy,yam
14,8,43,21.93,94.46,7.05,111.72,sandy loam,guinea_corn
20,79,77,18.55,16.03,7.65,76.33,loamy,soybean
60,43,44,21.02,82.95,7.42,298.4,clay,rice
17,16,14,16.4,92.18,6.63,102.94,loamy,orange
67,43,39,26.04,84.97,6.0,186.75,clay,rice
4,13,6,15.63,94.26,7.56,101.47,loamy,orange
1,48,24,29.35,85.6,6.23,59.04,loamy,yam
22,60,85,18.84,14.74,6.81,94.78,loamy,soybean
95,26,45,29.92,94.56,6.12,28.16,sandy loam,tomatoes
21,63,22,25.1,67.73,6.86,74.62,sandy loam,cassava
63,42,21,23.26,72.33,5.8,67.1,sandy loam,maize
52,60,79,19.45,18.23,8.38,75.63,loamy,soybean
14,8,43,21.93,94.46,7.05,111.72,sandy loam,guinea_corn
6,18,37,19.66,89.94,5.94,108.05,sandy loam,guinea_corn
57,58,77,18.73,17.58,7.98,81.2,loamy,soybean
27,76,83,19.13,14.92,6.29,89.62,loamy,soybean
25,70,16,19.63,18.91,5.76,106.36,clay,beans
9,16,39,18.41,91.12,6.1,105.18,sandy loam,guinea_corn
25,17,40,18.91,87.75,6.61,111.28,sandy loam,guinea_corn
10,5,42,20.24,91.09,6.89,109.25,sandy loam,guinea_corn
22,78,76,17.85,19.09,8.62,76.32,loamy,soybean
74,35,40,26.49,80.16,6.98,242.86,clay,rice
22,64,82,19.49,17.17,6.47,87.51,loamy,soybean
95,12,46,26.22,81.01,6.32,54.65,loamy clay ,pepper
90,16,45,24.92,80.62,6.29,50.56,loamy clay ,pepper
91,24,55,26.27,83.09,6.26,46.77,loamy clay ,pepper
115,12,52,27.51,94.96,6.69,21.02,sandy loam,tomatoes
37,18,12,10.27,90.19,7.4,106.7,loamy,orange
112,25,51,25.05,85.57,6.93,56.72,loamy clay ,pepper
24,44,17,29.86,80.03,6.67,50.66,loamy,yam
22,72,85,18.87,15.66,6.39,88.51,loamy,soybean
8,45,18,27.93,85.42,7.01,43.25,loamy,yam
81,25,49,29.87,93.25,6.08,26.26,sandy loam,tomatoes
19,17,39,24.72,85.56,6.73,111.28,sandy loam,guinea_corn
47,80,77,17.18,16.43,7.56,72.85,loamy,soybean
95,16,46,27.08,90.14,6.75,24.45,sandy loam,tomatoes
25,76,17,31.74,68.64,7.24,62.31,sandy loam,cassava
24,30,11,32.4,94.52,6.6,113.25,loamy,orange
60,44,23,24.79,70.05,5.72,76.73,sandy loam,maize
33,15,7,15.83,91.68,7.65,109.76,loamy,orange
12,78,23,16.07,18.72,6.0,88.07,clay,beans
35,69,23,16.79,24.97,5.58,75.45,clay,beans
30,44,16,29.73,82.89,6.44,50.92,loamy,yam
13,69,19,17.31,20.02,5.86,115.2,clay,beans
55,67,16,34.37,69.69,6.6,70.27,sandy loam,cassava
91,7,52,25.08,83.46,6.41,56.4,loamy clay ,pepper
60,55,45,21.41,83.33,5.94,287.58,clay,rice
37,23,12,31.53,90.51,6.4,113.12,loamy,orange
37,50,23,29.65,88.49,6.53,56.02,loamy,yam
83,22,54,25.9,81.97,6.28,54.5,loamy clay ,pepper
104,25,55,29.81,90.37,6.12,22.69,sandy loam,tomatoes
4,41,20,28.15,83.8,6.65,37.45,loamy,yam
27,76,83,19.13,14.92,6.29,89.62,loamy,soybean
74,56,22,18.28,66.66,6.83,80.98,sandy loam,maize
19,39,17,29.28,81.8,6.89,44.47,loamy,yam
98,7,45,27.79,92.51,6.16,26.85,sandy loam,tomatoes
23,5,44,21.21,94.26,7.16,107.57,sandy loam,guinea_corn
73,58,21,19.97,57.68,6.6,60.65,sandy loam,maize
0,65,15,23.46,23.22,5.65,95.84,clay,beans
61,60,15,24.88,68.74,6.27,91.26,sandy loam,maize
110,25,54,28.91,90.78,6.43,23.44,sandy loam,tomatoes
63,43,19,18.52,55.53,6.64,90.99,sandy loam,maize
6,30,40,22.77,91.45,6.36,106.97,sandy loam,guinea_corn
40,22,6,24.54,91.91,6.49,115.98,loamy,orange
93,56,36,24.01,82.06,6.98,185.28,clay,rice
34,29,8,31.88,91.15,6.45,105.34,loamy,orange
89,45,36,21.33,80.47,6.44,185.5,clay,rice
27,72,23,19.93,21.8,5.96,64.03,clay,beans
2,24,38,24.56,91.64,5.92,111.97,sandy loam,guinea_corn
118,18,52,28.05,90.83,6.56,20.76,sandy loam,tomatoes
114,21,55,25.44,87.94,6.47,57.52,loamy clay ,pepper
0,55,22,22.99,20.58,5.92,143.86,clay,beans
72,45,35,25.43,82.95,5.76,195.36,clay,rice
31,58,15,27.11,84.97,7.12,51.53,loamy,yam
80,18,51,28.05,91.82,6.71,20.77,sandy loam,tomatoes
33,15,7,15.83,91.68,7.65,109.76,loamy,orange
117,27,48,26.53,82.39,6.84,54.31,loamy clay ,pepper
78,37,22,25.34,63.32,6.33,74.52,sandy loam,maize
22,17,5,24.12,90.72,6.95,102.84,loamy,orange
49,55,78,18.66,16.18,7.86,81.71,loamy,soybean
83,22,54,25.9,81.97,6.28,54.5,loamy clay ,pepper
104,25,51,28.96,93.88,6.47,23.56,sandy loam,tomatoes
114,27,48,27.82,93.04,6.53,26.32,sandy loam,tomatoes
15,9,11,11.55,94.15,7.91,108.83,loamy,orange
81,41,38,22.68,83.73,7.52,200.91,clay,rice
31,37,21,27.24,86.4,6.71,37.31,loamy,yam
31,25,12,18.05,90.04,7.02,111.78,loamy,orange
22,72,85,18.87,15.66,6.39,88.51,loamy,soybean
107,10,49,25.83,89.0,6.76,45.25,loamy clay ,pepper
107,22,54,28.0,90.85,6.63,21.62,sandy loam,tomatoes
95,30,52,29.48,90.34,6.64,26.04,sandy loam,tomatoes
23,70,15,34.6,63.11,7.4,60.42,sandy loam,cassava
78,35,44,26.54,84.67,7.07,183.62,clay,rice
91,50,40,20.82,84.13,6.46,230.22,clay,rice
5,65,16,21.33,18.49,5.87,109.1,clay,beans
81,45,35,26.53,80.12,6.16,218.92,clay,rice
85,9,53,28.21,92.87,6.45,28.79,sandy loam,tomatoes
86,37,16,20.52,59.21,5.56,67.61,sandy loam,maize
114,8,50,24.75,88.31,6.58,57.96,loamy clay ,pepper
66,53,41,25.08,80.52,7.78,257.0,clay,rice
22,55,20,33.95,69.96,7.42,61.16,sandy loam,cassava
100,6,53,29.05,93.92,6.11,23.67,sandy loam,tomatoes
36,38,15,28.36,87.6,6.32,58.0,loamy,yam
5,15,38,18.26,88.17,5.71,108.08,sandy loam,guinea_corn
35,57,83,19.48,17.45,7.48,80.5,loamy,soybean
103,16,49,24.07,81.64,6.92,51.75,loamy clay ,pepper
105,14,50,26.21,87.69,6.42,59.66,loamy clay ,pepper
63,35,16,22.03,65.36,6.27,83.73,sandy loam,maize
19,39,17,29.28,81.8,6.89,44.47,loamy,yam
55,78,21,33.39,62.94,6.6,63.57,sandy loam,cassava
120,23,55,27.84,91.61,6.73,26.48,sandy loam,tomatoes
11,46,24,27.65,89.81,6.46,56.53,loamy,yam
27,73,79,19.16,15.84,7.35,82.7,loamy,soybean
61,52,41,24.98,83.89,6.88,204.8,clay,rice
32,57,18,15.54,23.76,5.7,107.39,clay,beans
4,20,41,24.27,93.8,6.54,104.54,sandy loam,guinea_corn
117,30,50,24.9,87.21,6.74,46.59,loamy clay ,pepper
27,69,22,17.92,24.91,5.93,69.15,clay,beans
53,73,77,19.71,18.1,7.33,73.64,loamy,soybean
29,36,25,28.29,88.44,7.13,48.57,loamy,yam
57,58,77,18.73,17.58,7.98,81.2,loamy,soybean
102,11,45,29.03,93.13,6.36,24.16,sandy loam,tomatoes
99,50,15,18.15,71.09,5.57,88.08,sandy loam,maize
88,5,47,25.86,86.67,6.66,41.17,loamy clay ,pepper
13,30,37,20.86,91.62,6.28,106.87,sandy loam,guinea_corn
99,38,21,22.88,71.6,6.35,67.73,sandy loam,maize
106,20,51,29.73,90.97,6.34,20.49,sandy loam,tomatoes
19,65,25,18.1,18.29,5.63,144.79,clay,beans
22,71,17,18.15,19.39,5.51,107.69,clay,beans
70,36,42,21.84,80.73,6.95,202.38,clay,rice
20,79,77,18.55,16.03,7.65,76.33,loamy,soybean
94,53,40,20.28,82.89,5.72,241.97,clay,rice
8,54,20,28.33,80.77,7.03,38.8,loamy,yam
113,6,52,27.76,90.36,6.74,25.22,sandy loam,tomatoes
95,55,42,26.8,82.15,5.95,193.35,clay,rice
37,24,13,19.14,90.71,7.85,108.02,loamy,orange
15,6,41,19.01,88.84,6.9,108.68,sandy loam,guinea_corn
95,12,51,25.76,84.17,6.68,44.22,loamy clay ,pepper
97,22,50,26.26,86.15,6.77,58.98,loamy clay ,pepper
32,18,13,13.84,91.75,6.04,107.99,loamy,orange
99,50,15,18.15,71.09,5.57,88.08,sandy loam,maize
41,78,21,25.2,60.37,6.58,70.89,sandy loam,cassava
120,25,50,28.05,94.82,6.33,21.85,sandy loam,tomatoes
101,25,52,29.1,94.22,6.75,22.52,sandy loam,tomatoes
20,68,23,25.55,63.95,7.71,63.18,sandy loam,cassava
26,11,11,13.7,90.96,7.61,106.29,loamy,orange
25,76,24,15.33,24.92,5.57,135.33,clay,beans
95,13,46,29.84,93.76,6.13,23.28,sandy loam,tomatoes
6,7,7,27.68,94.47,7.2,114.0,loamy,orange
0,25,14,19.34,91.98,6.36,116.45,loamy,orange
1,17,6,10.79,91.38,6.82,117.53,loamy,orange
40,51,17,28.66,86.12,6.86,50.02,loamy,yam
2,38,18,27.54,89.93,6.62,45.49,loamy,yam
20,72,19,32.48,64.35,7.4,65.82,sandy loam,cassava
70,36,42,21.84,80.73,6.95,202.38,clay,rice
52,56,85,20.12,14.44,6.82,88.68,loamy,soybean
13,8,12,25.16,92.55,7.11,114.31,loamy,orange
32,25,35,18.1,85.71,5.89,107.01,sandy loam,guinea_corn
88,29,51,24.72,88.95,6.1,48.46,loamy clay ,pepper
20,8,12,25.3,94.96,7.26,117.97,loamy,orange
20,68,23,25.55,63.95,7.71,63.18,sandy loam,cassava
31,75,18,15.47,21.44,5.82,88.89,clay,beans
84,44,21,21.87,61.91,5.85,107.27,sandy loam,maize
39,30,38,20.13,87.6,6.97,108.07,sandy loam,guinea_corn
59,63,18,31.66,60.13,6.53,66.69,sandy loam,cassava
27,56,20,19.26,20.51,5.54,94.95,clay,beans
12,78,23,16.07,18.72,6.0,88.07,clay,beans
61,52,41,24.98,83.89,6.88,204.8,clay,rice
83,15,49,28.93,91.39,6.44,23.2,sandy loam,tomatoes
99,29,55,29.19,91.46,6.66,26.48,sandy loam,tomatoes
55,60,15,32.8,68.78,7.16,64.11,sandy loam,cassava
10,5,5,21.21,91.35,7.82,112.98,loamy,orange
95,23,45,27.82,90.57,6.27,21.19,sandy loam,tomatoes
40,58,75,18.59,14.78,6.17,89.61,loamy,soybean
27,62,77,18.2,14.71,6.58,70.18,loamy,soybean
43,68,81,17.48,17.93,6.76,78.92,loamy,soybean
9,16,39,18.41,91.12,6.1,105.18,sandy loam,guinea_corn
29,16,36,19.81,88.93,5.74,102.86,sandy loam,guinea_corn
12,8,10,16.15,91.44,8.0,107.43,loamy,orange
57,68,81,17.17,17.3,8.08,72.79,loamy,soybean
28,46,16,29.01,84.96,6.66,45.91,loamy,yam
57,57,75,17.09,18.25,7.79,87.27,loamy,soybean
82,22,45,26.22,85.35,6.51,54.6,loamy clay ,pepper
32,56,21,27.39,88.67,6.7,58.3,loamy,yam
31,58,15,27.11,84.97,7.12,51.53,loamy,yam
88,17,52,29.9,90.75,6.65,25.38,sandy loam,tomatoes
53,73,77,19.71,18.1,7.33,73.64,loamy,soybean
73,57,41,21.45,84.94,5.82,272.2,clay,rice
59,60,84,19.03,18.67,7.69,94.71,loamy,soybean
70,36,42,21.84,80.73,6.95,202.38,clay,rice
49,69,82,18.32,15.36,6.26,81.79,loamy,soybean
5,59,15,18.87,20.18,5.97,134.18,clay,beans
43,79,79,19.41,18.98,7.81,80.25,loamy,soybean
98,53,38,20.27,81.64,5.01,270.44,clay,rice
34,60,23,20.13,24.97,5.66,100.05,clay,beans
13,7,43,18.2,91.12,7.01,109.66,sandy loam,guinea_corn
18,5,11,20.88,90.94,6.25,102.46,loamy,orange
25,27,41,19.2,94.28,6.92,108.04,sandy loam,guinea_corn
97,36,45,22.23,81.86,6.94,278.08,clay,rice
109,26,45,28.28,90.39,6.22,21.59,sandy loam,tomatoes
9,48,22,27.77,87.1,6.4,49.51,loamy,yam
91,13,47,29.11,92.44,6.14,27.96,sandy loam,tomatoes
101,17,55,24.37,87.13,6.45,44.64,loamy clay ,pepper
8,28,37,23.88,86.21,6.08,108.31,sandy loam,guinea_corn
93,22,48,29.13,91.52,6.78,21.9,sandy loam,tomatoes
56,76,16,28.27,61.19,7.51,63.3,sandy loam,cassava
49,69,82,18.32,15.36,6.26,81.79,loamy,soybean
25,78,76,17.48,15.76,7.23,66.97,loamy,soybean
87,54,20,25.62,63.47,6.58,108.83,sandy loam,maize
98,7,45,27.79,92.51,6.16,26.85,sandy loam,tomatoes
61,44,17,26.1,71.57,6.93,102.27,sandy loam,maize
25,63,20,15.79,21.15,5.5,95.17,clay,beans
101,25,52,29.1,94.22,6.75,22.52,sandy loam,tomatoes
69,37,42,23.06,83.37,7.07,251.05,clay,rice
95,12,46,26.22,81.01,6.32,54.65,loamy clay ,pepper
62,48,20,21.7,60.47,6.71,95.71,sandy loam,maize
100,17,48,29.73,94.3,6.37,26.52,sandy loam,tomatoes
114,8,52,29.34,94.55,6.42,28.23,sandy loam,tomatoes
9,11,8,24.86,94.39,6.56,111.78,loamy,orange
22,78,76,17.85,19.09,8.62,76.32,loamy,soybean
90,44,38,23.84,83.88,7.47,241.2,clay,rice
78,58,15,25.01,67.82,6.53,62.91,sandy loam,maize
37,72,18,18.88,24.54,5.72,105.41,clay,beans
89,54,38,24.52,83.54,6.69,230.45,clay,rice
83,57,19,25.73,70.75,6.88,98.74,sandy loam,maize
18,5,11,20.88,90.94,6.25,102.46,loamy,orange
37,6,13,26.03,91.51,7.51,101.28,loamy,orange
9,8,40,22.49,89.92,6.55,111.66,sandy loam,guinea_corn
11,61,21,18.62,23.02,5.53,135.34,clay,beans
19,78,16,20.65,23.11,5.97,67.72,clay,beans
36,55,20,27.01,84.34,6.64,55.3,loamy,yam
58,70,84,20.65,16.61,6.23,74.66,loamy,soybean
98,26,49,27.29,90.53,6.13,23.5,sandy loam,tomatoes
49,71,76,19.71,17.64,6.61,85.58,loamy,soybean
78,40,38,26.46,83.86,7.55,248.23,clay,rice
55,78,21,33.39,62.94,6.6,63.57,sandy loam,cassava
72,60,25,18.53,69.03,5.77,88.1,sandy loam,maize
42,67,77,18.99,15.94,6.11,78.71,loamy,soybean
23,5,44,21.21,94.26,7.16,107.57,sandy loam,guinea_corn
24,18,6,26.57,94.45,6.29,116.38,loamy,orange
19,39,17,29.28,81.8,6.89,44.47,loamy,yam
25,70,16,19.63,18.91,5.76,106.36,clay,beans
5,45,21,28.36,88.01,6.49,43.05,loamy,yam
86,37,16,20.52,59.21,5.56,67.61,sandy loam,maize
89,45,36,21.33,80.47,6.44,185.5,clay,rice
42,79,23,27.72,63.29,6.78,68.57,sandy loam,cassava
28,72,84,18.73,19.18,6.48,71.58,loamy,soybean
36,24,41,24.94,94.26,7.01,103.88,sandy loam,guinea_corn
14,41,17,29.13,88.48,7.09,36.45,loamy,yam
60,68,83,19.12,18.43,6.62,85.53,loamy,soybean
36,24,41,24.94,94.26,7.01,103.88,sandy loam,guinea_corn
60,36,43,23.43,83.06,5.29,219.9,clay,rice
77,58,19,22.81,56.51,5.79,101.6,sandy loam,maize
29,22,43,19.66,87.95,5.56,106.04,sandy loam,guinea_corn
21,39,20,28.14,82.12,7.06,46.76,loamy,yam
95,16,46,27.08,90.14,6.75,24.45,sandy loam,tomatoes
85,21,47,29.87,90.61,6.19,24.7,sandy loam,tomatoes
107,10,49,25.83,89.0,6.76,45.25,loamy clay ,pepper
5,45,21,28.36,88.01,6.49,43.05,loamy,yam
28,58,24,19.73,18.28,5.75,143.76,clay,beans
28,58,81,17.48,16.54,6.18,93.35,loamy,soybean
12,6,8,30.85,92.87,6.39,107.41,loamy,orange
93,58,38,20.62,83.77,6.93,279.55,clay,rice
13,30,37,20.86,91.62,6.28,106.87,sandy loam,guinea_corn
109,21,55,24.9,89.74,6.77,57.45,loamy clay ,pepper
112,25,51,25.05,85.57,6.93,56.72,loamy clay ,pepper
30,75,81,19.42,16.81,6.41,68.52,loamy,soybean
26,11,11,13.7,90.96,7.61,106.29,loamy,orange
74,43,23,25.95,61.89,6.33,99.58,sandy loam,maize
35,64,78,17.93,14.27,7.5,85.37,loamy,soybean
90,49,21,24.84,68.36,6.47,74.05,sandy loam,maize
73,58,21,19.97,57.68,6.6,60.65,sandy loam,maize
37,55,82,19.46,18.02,6.42,78.45,loamy,soybean
4,41,20,28.15,83.8,6.65,37.45,loamy,yam
29,22,40,23.63,89.73,6.15,107.68,sandy loam,guinea_corn
22,72,85,18.87,15.66,6.39,88.51,loamy,soybean
99,36,20,20.58,65.35,6.67,78.35,sandy loam,maize
25,70,16,19.63,18.91,5.76,106.36,clay,beans
95,12,46,26.22,81.01,6.32,54.65,loamy clay ,pepper
57,73,85,18.49,14.72,7.36,91.95,loamy,soybean
36,55,20,27.01,84.34,6.64,55.3,loamy,yam
118,18,52,28.05,90.83,6.56,20.76,sandy loam,tomatoes
89,25,54,24.69,85.57,6.35,48.99,loamy clay ,pepper
27,63,19,20.93,21.19,5.56,133.19,clay,beans
95,52,36,26.23,83.84,5.54,286.51,clay,rice
34,76,80,20.66,15.85,7.99,65.24,loamy,soybean
30,65,82,20.71,15.28,6.11,76.78,loamy,soybean
11,72,20,19.52,24.93,5.95,113.33,clay,beans
5,74,21,16.24,21.36,5.59,66.97,clay,beans
7,79,23,19.64,19.69,5.82,96.66,clay,beans
110,7,45,26.64,84.7,6.19,48.32,loamy clay ,pepper
7,63,24,22.95,24.04,5.86,107.73,clay,beans
67,45,38,22.73,82.17,7.3,260.89,clay,rice
49,69,82,18.32,15.36,6.26,81.79,loamy,soybean
20,60,78,18.17,14.7,6.36,90.78,loamy,soybean
108,23,51,26.84,83.85,6.11,40.23,loamy clay ,pepper
40,21,8,34.91,92.88,7.42,102.19,loamy,orange
84,18,46,27.09,93.42,6.78,25.32,sandy loam,tomatoes
40,78,20,19.19,20.83,5.67,80.15,clay,beans
85,25,47,26.11,87.64,6.3,58.48,loamy clay ,pepper
39,28,10,31.35,91.48,7.18,109.15,loamy,orange
50,56,76,21.0,19.86,7.97,73.51,loamy,soybean
2,61,20,22.14,23.02,5.96,76.64,clay,beans
98,7,45,27.79,92.51,6.16,26.85,sandy loam,tomatoes
21,23,42,19.54,90.3,6.9,104.37,sandy loam,guinea_corn
85,25,47,26.11,87.64,6.3,58.48,loamy clay ,pepper
104,17,46,25.71,80.23,6.19,43.09,loamy clay ,pepper
4,19,42,23.83,87.84,6.31,111.22,sandy loam,guinea_corn
20,60,78,18.17,14.7,6.36,90.78,loamy,soybean
27,69,22,17.92,24.91,5.93,69.15,clay,beans
5,65,16,21.33,18.49,5.87,109.1,clay,beans
97,8,52,24.91,86.97,6.24,49.49,loamy clay ,pepper
19,65,25,18.1,18.29,5.63,144.79,clay,beans
83,57,19,25.73,70.75,6.88,98.74,sandy loam,maize
95,16,46,27.08,90.14,6.75,24.45,sandy loam,tomatoes
24,67,22,20.12,22.9,5.62,104.63,clay,beans
9,69,20,19.31,23.96,5.59,129.34,clay,beans
77,36,23,24.71,56.73,6.65,88.45,sandy loam,maize
110,25,54,28.91,90.78,6.43,23.44,sandy loam,tomatoes
8,54,20,28.33,80.77,7.03,38.8,loamy,yam
49,76,18,27.05,67.7,7.39,60.47,sandy loam,cassava
94,54,17,23.39,61.74,5.87,107.32,sandy loam,maize
87,6,45,29.83,90.79,6.4,22.84,sandy loam,tomatoes
7,16,9,18.88,92.04,7.81,114.67,loamy,orange
30,75,81,19.42,16.81,6.41,68.52,loamy,soybean
13,47,20,29.22,87.94,6.54,43.14,loamy,yam
24,27,9,18.87,93.25,6.16,119.39,loamy,orange
24,42,23,28.22,82.36,6.43,44.01,loamy,yam
82,40,40,23.83,84.81,6.27,298.56,clay,rice
91,12,46,24.64,85.5,6.34,48.31,loamy clay ,pepper
9,77,17,20.12,24.45,5.78,106.16,clay,beans
25,60,22,21.63,21.18,5.89,134.36,clay,beans
79,43,39,21.67,80.71,7.06,210.81,clay,rice
72,60,25,18.53,69.03,5.77,88.1,sandy loam,maize
82,22,45,26.22,85.35,6.51,54.6,loamy clay ,pepper
34,71,79,17.93,15.86,7.73,74.64,loamy,soybean
64,45,43,25.63,83.53,5.53,209.9,clay,rice
20,79,77,18.55,16.03,7.65,76.33,loamy,soybean
27,79,82,17.07,17.54,6.31,70.87,loamy,soybean
99,36,20,20.58,65.35,6.67,78.35,sandy loam,maize
0,55,22,22.99,20.58,5.92,143.86,clay,beans
57,68,81,17.17,17.3,8.08,72.79,loamy,soybean
118,21,51,24.43,86.34,6.68,48.58,loamy clay ,pepper
38,21,35,20.34,89.38,5.84,110.97,sandy loam,guinea_corn
53,65,76,20.19,16.42,6.72,77.34,loamy,soybean
37,18,39,24.15,94.51,6.42,110.23,sandy loam,guinea_corn
88,54,44,25.74,83.88,6.15,233.13,clay,rice
21,51,15,29.36,89.19,6.68,48.3,loamy,yam
93,58,38,20.62,83.77,6.93,279.55,clay,rice
96,13,55,29.53,94.57,6.7,21.14,sandy loam,tomatoes
113,19,46,25.42,81.12,6.29,49.52,loamy clay ,pepper
76,44,17,20.42,62.55,5.86,65.28,sandy loam,maize
118,15,45,24.21,84.21,6.54,48.01,loamy clay ,pepper
80,18,51,28.05,91.82,6.71,20.77,sandy loam,tomatoes
20,20,10,11.87,93.68,6.98,106.06,loamy,orange
34,60,22,17.66,18.15,5.64,100.67,clay,beans
97,36,45,22.23,81.86,6.94,278.08,clay,rice
11,60,23,27.34,88.5,7.03,51.1,loamy,yam
95,23,45,27.82,90.57,6.27,21.19,sandy loam,tomatoes
5,24,40,24.69,93.87,6.3,104.67,sandy loam,guinea_corn
71,46,40,20.28,82.12,7.24,191.95,clay,rice
11,14,5,11.5,94.89,6.95,115.57,loamy,orange
93,41,17,25.62,66.5,6.05,105.47,sandy loam,maize
21,23,42,19.54,90.3,6.9,104.37,sandy loam,guinea_corn
29,21,45,23.41,93.13,6.75,105.22,sandy loam,guinea_corn
59,62,83,18.58,19.22,8.1,72.95,loamy,soybean
83,23,55,26.9,83.89,6.46,43.97,loamy clay ,pepper
59,69,80,19.08,17.87,8.17,69.41,loamy,soybean
27,80,15,19.07,21.21,5.79,86.22,clay,beans
64,45,43,25.63,83.53,5.53,209.9,clay,rice
85,58,41,21.77,80.32,7.04,226.66,clay,rice
47,79,78,17.48,14.76,6.61,65.11,loamy,soybean
40,27,45,21.66,94.79,5.89,112.43,sandy loam,guinea_corn
0,27,38,22.45,89.9,6.74,109.39,sandy loam,guinea_corn
5,24,40,24.69,93.87,6.3,104.67,sandy loam,guinea_corn
4,19,43,18.07,93.15,5.78,106.36,sandy loam,guinea_corn
76,40,43,25.16,83.12,5.07,231.38,clay,rice
97,25,50,26.22,80.9,6.09,49.09,loamy clay ,pepper
76,47,42,20.08,83.29,5.74,263.64,clay,rice
30,37,25,29.89,80.14,7.12,54.8,loamy,yam
113,20,48,27.47,94.88,6.44,27.28,sandy loam,tomatoes
18,12,8,12.59,91.82,6.21,119.39,loamy,orange
16,8,9,24.6,91.28,7.6,111.29,loamy,orange
28,58,81,17.48,16.54,6.18,93.35,loamy,soybean
7,23,35,19.75,88.72,7.05,102.55,sandy loam,guinea_corn
19,7,10,14.78,91.22,6.12,100.2,loamy,orange
105,30,50,25.3,81.78,6.38,57.04,loamy clay ,pepper
25,40,21,27.73,81.14,6.25,44.18,loamy,yam
24,67,22,20.12,22.9,5.62,104.63,clay,beans
17,58,20,28.07,85.92,6.43,39.24,loamy,yam
120,19,49,25.79,84.27,6.76,56.45,loamy clay ,pepper
75,56,18,19.4,62.36,5.7,60.95,sandy loam,maize
39,30,38,20.13,87.6,6.97,108.07,sandy loam,guinea_corn
42,79,23,27.72,63.29,6.78,68.57,sandy loam,cassava
12,61,19,19.33,24.14,5.66,68.51,clay,beans
106,14,45,24.47,84.16,6.42,57.27,loamy clay ,pepper
57,68,81,17.17,17.3,8.08,72.79,loamy,soybean
101,11,51,25.51,84.24,6.79,44.21,loamy clay ,pepper
101,25,52,29.1,94.22,6.75,22.52,sandy loam,tomatoes
113,20,48,27.47,94.88,6.44,27.28,sandy loam,tomatoes
80,16,46,25.5,81.4,6.94,48.48,loamy clay ,pepper
81,18,50,26.44,80.92,6.51,47.82,loamy clay ,pepper
36,43,21,28.36,84.86,7.14,52.93,loamy,yam
101,10,47,25.54,83.32,6.94,57.57,loamy clay ,pepper
60,55,44,23.0,82.32,7.84,263.96,clay,rice
52,68,78,17.49,16.96,6.9,86.05,loamy,soybean
86,59,35,25.79,82.11,6.95,243.51,clay,rice
19,39,17,29.28,81.8,6.89,44.47,loamy,yam
20,45,22,29.59,89.99,6.9,54.96,loamy,yam
58,63,81,19.81,14.7,6.52,78.97,loamy,soybean
99,38,21,22.88,71.6,6.35,67.73,sandy loam,maize
97,36,45,22.23,81.86,6.94,278.08,clay,rice
92,20,55,25.1,87.53,6.59,59.27,loamy clay ,pepper
114,21,55,25.44,87.94,6.47,57.52,loamy clay ,pepper
94,54,17,23.39,61.74,5.87,107.32,sandy loam,maize
50,56,76,21.0,19.86,7.97,73.51,loamy,soybean
81,53,42,23.68,81.04,5.18,233.7,clay,rice
24,67,22,20.12,22.9,5.62,104.63,clay,beans
77,57,21,24.93,73.8,6.55,79.74,sandy loam,maize
0,25,14,19.34,91.98,6.36,116.45,loamy,orange
89,11,47,29.79,94.65,6.33,27.87,sandy loam,tomatoes
40,64,16,16.43,24.24,5.93,140.37,clay,beans
37,24,13,19.14,90.71,7.85,108.02,loamy,orange
99,5,47,24.13,84.84,6.65,51.19,loamy clay ,pepper
47,63,16,27.44,67.1,6.66,72.51,sandy loam,cassava
8,28,38,23.23,94.43,6.84,105.69,sandy loam,guinea_corn
118,18,52,28.05,90.83,6.56,20.76,sandy loam,tomatoes
40,22,6,24.54,91.91,6.49,115.98,loamy,orange
90,44,38,23.84,83.88,7.47,241.2,clay,rice
26,80,18,19.33,23.33,5.58,104.78,clay,beans
86,55,21,21.54,59.64,6.8,109.75,sandy loam,maize
119,9,50,26.75,83.92,6.25,40.79,loamy clay ,pepper
16,75,21,18.51,23.62,5.68,87.05,clay,beans
70,36,42,21.84,80.73,6.95,202.38,clay,rice
91,55,15,18.09,72.61,6.38,78.96,sandy loam,maize
49,69,82,18.32,15.36,6.26,81.79,loamy,soybean
90,44,38,23.84,83.88,7.47,241.2,clay,rice
74,56,22,18.28,66.66,6.83,80.98,sandy loam,maize
85,25,47,26.11,87.64,6.3,58.48,loamy clay ,pepper
83,23,55,26.9,83.89,6.46,43.97,loamy clay ,pepper
9,8,40,22.49,89.92,6.55,111.66,sandy loam,guinea_corn
31,40,22,29.41,86.16,6.37,53.35,loamy,yam
15,9,11,11.55,94.15,7.91,108.83,loamy,orange
114,30,51,29.25,90.07,6.07,25.93,sandy loam,tomatoes
66,54,21,25.19,60.2,5.92,72.12,sandy loam,maize
9,8,15,14.34,94.36,7.99,110.22,loamy,orange
101,17,55,24.37,87.13,6.45,44.64,loamy clay ,pepper
87,35,25,21.45,63.16,6.18,65.89,sandy loam,maize
30,63,16,23.61,21.91,5.53,100.6,clay,beans
19,7,9,27.26,91.71,6.97,101.14,loamy,orange
100,14,49,29.49,91.08,6.37,26.02,sandy loam,tomatoes
13,16,8,34.74,93.12,6.95,100.2,loamy,orange
23,5,44,21.21,94.26,7.16,107.57,sandy loam,guinea_corn
56,76,16,28.27,61.19,7.51,63.3,sandy loam,cassava
5,24,40,24.69,93.87,6.3,104.67,sandy loam,guinea_corn
84,51,35,22.3,80.64,6.04,197.98,clay,rice
36,11,13,17.34,93.05,7.19,112.72,loamy,orange
19,78,16,20.65,23.11,5.97,67.72,clay,beans
81,41,38,22.68,83.73,7.52,200.91,clay,rice
14,48,21,29.25,84.8,6.99,53.43,loamy,yam
31,53,16,28.74,85.82,6.45,48.55,loamy,yam
84,50,44,25.49,81.41,5.94,182.65,clay,rice
8,28,38,23.23,94.43,6.84,105.69,sandy loam,guinea_corn
27,24,41,24.33,90.88,6.61,110.46,sandy loam,guinea_corn
34,35,21,28.45,82.68,6.68,58.19,loamy,yam
5,29,44,21.02,93.06,5.58,104.78,sandy loam,guinea_corn
65,37,40,23.36,83.6,5.33,188.41,clay,rice
39,28,10,31.35,91.48,7.18,109.15,loamy,orange
108,22,47,28.54,91.73,6.16,25.13,sandy loam,tomatoes
114,30,51,29.25,90.07,6.07,25.93,sandy loam,tomatoes
22,23,44,20.13,89.32,6.14,107.34,sandy loam,guinea_corn
79,42,37,24.87,82.84,6.59,295.61,clay,rice
57,60,84,19.1,17.26,6.59,75.49,loamy,soybean
91,7,53,25.14,89.28,6.46,43.53,loamy clay ,pepper
72,40,38,20.41,82.21,7.59,245.15,clay,rice
20,27,41,20.51,92.52,5.7,110.58,sandy loam,guinea_corn
85,22,53,25.97,89.77,6.85,59.46,loamy clay ,pepper
13,23,6,23.96,90.26,7.37,102.7,loamy,orange
102,25,50,28.2,92.91,6.1,20.36,sandy loam,tomatoes
11,61,21,18.62,23.02,5.53,135.34,clay,beans
22,72,85,18.87,15.66,6.39,88.51,loamy,soybean
61,52,41,24.98,83.89,6.88,204.8,clay,rice
114,30,51,29.25,90.07,6.07,25.93,sandy loam,tomatoes
52,71,16,27.74,68.54,7.08,71.79,sandy loam,cassava
24,44,17,29.86,80.03,6.67,50.66,loamy,yam
0,49,18,29.68,87.94,6.99,41.82,loamy,yam
98,26,52,27.34,90.7,6.15,28.69,sandy loam,tomatoes
40,64,16,16.43,24.24,5.93,140.37,clay,beans
97,36,45,22.23,81.86,6.94,278.08,clay,rice
63,35,16,22.03,65.36,6.27,83.73,sandy loam,maize
97,8,52,24.91,86.97,6.24,49.49,loamy clay ,pepper
23,5,44,21.21,94.26,7.16,107.57,sandy loam,guinea_corn
91,12,46,24.64,85.5,6.34,48.31,loamy clay ,pepper
117,30,50,24.9,87.21,6.74,46.59,loamy clay ,pepper
41,69,82,20.02,16.63,6.72,68.98,loamy,soybean
81,6,55,24.89,85.87,6.11,51.71,loamy clay ,pepper
87,54,20,25.62,63.47,6.58,108.83,sandy loam,maize
60,51,36,22.7,82.81,6.03,257.0,clay,rice
29,76,15,28.54,64.2,7.03,69.69,sandy loam,cassava
57,57,75,17.09,18.25,7.79,87.27,loamy,soybean
113,6,52,27.76,90.36,6.74,25.22,sandy loam,tomatoes
31,76,82,20.82,17.85,7.6,79.21,loamy,soybean
12,29,40,19.68,89.75,6.59,111.28,sandy loam,guinea_corn
36,43,22,27.83,87.17,6.39,58.37,loamy,yam
11,72,20,19.52,24.93,5.95,113.33,clay,beans
20,73,22,16.04,22.33,5.98,130.39,clay,beans
94,50,37,25.67,80.66,6.95,209.59,clay,rice
87,48,25,18.65,61.38,6.66,93.62,sandy loam,maize
7,79,23,19.64,19.69,5.82,96.66,clay,beans
102,24,54,27.72,90.94,6.7,22.82,sandy loam,tomatoes
87,60,23,20.27,63.91,6.44,62.5,sandy loam,maize
118,13,54,24.41,89.82,6.04,44.08,loamy clay ,pepper
9,69,20,19.31,23.96,5.59,129.34,clay,beans
40,64,16,16.43,24.24,5.93,140.37,clay,beans
74,39,38,23.24,84.59,7.78,233.05,clay,rice
39,37,15,29.0,83.79,6.82,59.84,loamy,yam
61,60,15,24.88,68.74,6.27,91.26,sandy loam,maize
12,6,8,30.85,92.87,6.39,107.41,loamy,orange
6,62,22,20.53,18.09,5.82,120.45,clay,beans
62,48,20,21.7,60.47,6.71,95.71,sandy loam,maize
93,56,36,24.01,82.06,6.98,185.28,clay,rice
78,37,22,25.34,63.32,6.33,74.52,sandy loam,maize
36,11,13,17.34,93.05,7.19,112.72,loamy,orange
44,58,18,28.04,65.07,6.81,72.5,sandy loam,cassava
6,18,37,19.66,89.94,5.94,108.05,sandy loam,guinea_corn
74,58,18,20.04,56.36,6.73,109.02,sandy loam,maize
111,5,50,27.59,91.8,6.4,24.84,sandy loam,tomatoes
27,56,20,19.26,20.51,5.54,94.95,clay,beans
86,36,24,26.55,72.89,5.79,73.34,sandy loam,maize
33,12,15,30.26,92.03,6.05,116.72,loamy,orange
115,9,52,29.07,90.98,6.02,29.12,sandy loam,tomatoes
57,73,85,18.49,14.72,7.36,91.95,loamy,soybean
4,41,20,28.15,83.8,6.65,37.45,loamy,yam
44,74,85,20.19,19.64,7.15,78.26,loamy,soybean
9,16,39,18.41,91.12,6.1,105.18,sandy loam,guinea_corn
8,16,6,12.23,90.26,7.11,108.42,loamy,orange
114,30,51,29.25,90.07,6.07,25.93,sandy loam,tomatoes
22,72,85,18.87,15.66,6.39,88.51,loamy,soybean
8,45,18,27.93,85.42,7.01,43.25,loamy,yam
76,51,18,26.17,71.96,6.25,79.85,sandy loam,maize
11,18,42,21.58,94.88,5.94,102.86,sandy loam,guinea_corn
36,67,77,18.37,19.56,7.15,79.26,loamy,soybean
37,49,25,29.91,85.85,6.42,41.39,loamy,yam
52,58,16,30.64,61.15,7.17,71.37,sandy loam,cassava
91,36,45,24.44,82.45,5.95,267.98,clay,rice
63,43,17,19.29,65.47,6.81,71.32,sandy loam,maize
120,20,45,25.67,88.7,6.11,54.23,loamy clay ,pepper
9,69,20,19.31,23.96,5.59,129.34,clay,beans
9,8,40,22.49,89.92,6.55,111.66,sandy loam,guinea_corn
0,18,14,29.77,92.01,7.21,114.42,loamy,orange
85,9,53,28.21,92.87,6.45,28.79,sandy loam,tomatoes
27,72,23,19.93,21.8,5.96,64.03,clay,beans
74,48,17,21.63,60.28,6.43,69.22,sandy loam,maize
28,66,23,21.54,24.25,6.0,120.69,clay,beans
49,71,76,19.71,17.64,6.61,85.58,loamy,soybean
19,7,10,14.78,91.22,6.12,100.2,loamy,orange
6,77,25,20.61,24.36,5.79,69.64,clay,beans
14,37,15,27.96,83.98,6.58,48.94,loamy,yam
9,35,20,27.42,80.98,6.91,40.53,loamy,yam
51,72,75,18.89,14.99,7.1,80.11,loamy,soybean
21,6,41,24.88,89.4,7.09,107.2,sandy loam,guinea_corn
63,35,16,22.03,65.36,6.27,83.73,sandy loam,maize
60,46,22,24.89,65.61,6.63,87.93,sandy loam,maize
20,73,22,16.04,22.33,5.98,130.39,clay,beans
27,64,15,20.16,24.84,5.51,138.24,clay,beans
50,55,16,28.81,65.34,7.58,62.26,sandy loam,cassava
34,35,21,28.45,82.68,6.68,58.19,loamy,yam
12,6,8,30.85,92.87,6.39,107.41,loamy,orange
83,41,43,21.05,82.68,6.25,233.11,clay,rice
98,35,18,23.8,74.83,6.25,91.76,sandy loam,maize
5,65,16,21.33,18.49,5.87,109.1,clay,beans
8,25,36,19.91,94.95,6.83,104.03,sandy loam,guinea_corn
87,14,48,29.69,92.59,6.61,29.11,sandy loam,tomatoes
74,35,40,26.49,80.16,6.98,242.86,clay,rice
93,41,17,25.62,66.5,6.05,105.47,sandy loam,maize
84,21,55,28.47,94.79,6.49,21.08,sandy loam,tomatoes
31,75,18,15.47,21.44,5.82,88.89,clay,beans
8,50,21,28.63,89.11,6.22,50.5,loamy,yam
106,21,52,28.9,94.79,6.29,23.04,sandy loam,tomatoes
10,5,42,20.24,91.09,6.89,109.25,sandy loam,guinea_corn
33,14,8,21.03,92.96,7.68,110.68,loamy,orange
40,72,77,17.02,16.99,7.49,88.55,loamy,soybean
29,77,75,17.5,15.48,7.78,72.94,loamy,soybean
95,7,45,27.3,90.8,6.03,25.09,sandy loam,tomatoes
5,24,40,24.69,93.87,6.3,104.67,sandy loam,guinea_corn
3,67,24,17.0,19.91,5.52,103.29,clay,beans
82,25,51,24.31,87.47,6.07,48.11,loamy clay ,pepper
98,7,45,27.79,92.51,6.16,26.85,sandy loam,tomatoes
114,27,48,27.82,93.04,6.53,26.32,sandy loam,tomatoes
12,61,19,19.33,24.14,5.66,68.51,clay,beans
40,17,15,21.35,90.95,7.87,107.09,loamy,orange
87,60,23,20.27,63.91,6.44,62.5,sandy loam,maize
40,27,45,21.66,94.79,5.89,112.43,sandy loam,guinea_corn
93,53,38,26.93,81.91,7.07,290.68,clay,rice
55,77,22,31.43,62.99,7.76,64.78,sandy loam,cassava
59,69,80,19.08,17.87,8.17,69.41,loamy,soybean
114,27,48,27.82,93.04,6.53,26.32,sandy loam,tomatoes
108,22,46,26.18,86.73,6.12,53.33,loamy clay ,pepper
5,24,40,24.69,93.87,6.3,104.67,sandy loam,guinea_corn
29,76,15,28.54,64.2,7.03,69.69,sandy loam,cassava
39,76,76,19.97,15.57,6.14,69.16,loamy,soybean
21,6,41,24.88,89.4,7.09,107.2,sandy loam,guinea_corn
82,20,54,29.34,90.02,6.54,21.45,sandy loam,tomatoes
85,25,47,26.11,87.64,6.3,58.48,loamy clay ,pepper
22,55,20,33.95,69.96,7.42,61.16,sandy loam,cassava
95,14,50,26.63,84.32,6.56,56.32,loamy clay ,pepper
83,22,54,25.9,81.97,6.28,54.5,loamy clay ,pepper
44,75,22,30.03,64.15,7.57,71.21,sandy loam,cassava
119,5,55,29.69,94.3,6.17,26.84,sandy loam,tomatoes
14,5,36,24.93,85.19,5.83,104.77,sandy loam,guinea_corn
31,55,22,22.91,21.34,5.87,109.23,clay,beans
41,74,18,28.76,61.03,6.6,73.38,sandy loam,cassava
36,43,22,27.83,87.17,6.39,58.37,loamy,yam
22,72,85,18.87,15.66,6.39,88.51,loamy,soybean
5,15,38,18.26,88.17,5.71,108.08,sandy loam,guinea_corn
4,13,6,15.63,94.26,7.56,101.47,loamy,orange
60,36,43,23.43,83.06,5.29,219.9,clay,rice
24,44,17,29.86,80.03,6.67,50.66,loamy,yam
37,50,23,29.65,88.49,6.53,56.02,loamy,yam
35,57,83,19.48,17.45,7.48,80.5,loamy,soybean
1,27,36,23.99,93.34,5.68,104.99,sandy loam,guinea_corn
0,65,15,23.46,23.22,5.65,95.84,clay,beans
24,53,17,28.95,89.08,6.42,57.66,loamy,yam
52,58,16,30.64,61.15,7.17,71.37,sandy loam,cassava
44,63,15,26.42,64.51,7.34,63.47,sandy loam,cassava
6,62,22,20.53,18.09,5.82,120.45,clay,beans
77,52,17,24.86,65.74,5.71,75.82,sandy loam,maize
101,17,55,24.37,87.13,6.45,44.64,loamy clay ,pepper
4,67,25,23.79,24.36,5.95,119.64,clay,beans
54,61,77,18.81,15.22,6.21,77.54,loamy,soybean
0,17,42,23.2,91.19,6.86,109.09,sandy loam,guinea_corn
32,60,83,19.69,19.44,8.83,91.76,loamy,soybean
119,30,49,25.36,80.46,6.9,47.72,loamy clay ,pepper
95,21,47,27.93,93.56,6.43,20.66,sandy loam,tomatoes
6,30,40,22.77,91.45,6.36,106.97,sandy loam,guinea_corn
20,72,19,32.48,64.35,7.4,65.82,sandy loam,cassava
19,7,10,14.78,91.22,6.12,100.2,loamy,orange
20,41,20,29.27,89.49,7.07,50.92,loamy,yam
90,42,43,20.88,82.0,6.5,202.94,clay,rice
21,6,41,24.88,89.4,7.09,107.2,sandy loam,guinea_corn
84,29,49,29.94,93.91,6.25,20.39,sandy loam,tomatoes
27,56,20,19.26,20.51,5.54,94.95,clay,beans
27,24,41,24.33,90.88,6.61,110.46,sandy loam,guinea_corn
82,18,48,29.1,94.17,6.16,26.71,sandy loam,tomatoes
12,20,39,19.86,86.2,6.03,111.02,sandy loam,guinea_corn
31,76,82,20.82,17.85,7.6,79.21,loamy,soybean
5,13,37,22.34,89.79,5.65,103.32,sandy loam,guinea_corn
32,13,42,23.5,92.98,5.79,106.62,sandy loam,guinea_corn
21,21,38,22.55,89.33,6.33,104.9,sandy loam,guinea_corn
74,43,23,25.95,61.89,6.33,99.58,sandy loam,maize
36,38,15,28.36,87.6,6.32,58.0,loamy,yam
90,14,52,24.85,89.2,6.39,59.68,loamy clay ,pepper
105,30,50,25.3,81.78,6.38,57.04,loamy clay ,pepper
23,62,85,18.97,19.52,8.49,80.71,loamy,soybean
7,17,10,10.16,91.22,6.47,106.36,loamy,orange
21,21,38,22.55,89.33,6.33,104.9,sandy loam,guinea_corn
108,23,51,26.84,83.85,6.11,40.23,loamy clay ,pepper
117,24,53,29.17,92.21,6.29,21.3,sandy loam,tomatoes
83,22,54,25.9,81.97,6.28,54.5,loamy clay ,pepper
120,24,47,26.99,89.41,6.26,58.55,loamy clay ,pepper
87,60,23,20.27,63.91,6.44,62.5,sandy loam,maize
5,74,21,16.24,21.36,5.59,66.97,clay,beans
60,44,23,24.79,70.05,5.72,76.73,sandy loam,maize
1,30,10,11.9,91.35,7.29,103.58,loamy,orange
8,28,37,23.88,86.21,6.08,108.31,sandy loam,guinea_corn
93,22,52,26.59,81.33,6.93,41.88,loamy clay ,pepper
78,40,38,26.46,83.86,7.55,248.23,clay,rice
23,57,19,32.84,68.0,7.25,73.4,sandy loam,cassava
65,60,22,25.37,72.52,6.61,107.91,sandy loam,maize
63,44,41,24.17,83.73,5.58,257.03,clay,rice
17,52,17,27.88,86.45,6.36,44.64,loamy,yam
29,70,15,30.33,63.55,6.87,74.17,sandy loam,cassava
79,59,17,20.38,63.74,6.64,108.51,sandy loam,maize
20,79,77,18.55,16.03,7.65,76.33,loamy,soybean
107,10,49,25.83,89.0,6.76,45.25,loamy clay ,pepper
27,40,24,27.84,90.0,7.06,52.85,loamy,yam
39,37,15,29.0,83.79,6.82,59.84,loamy,yam
81,16,45,26.9,86.25,6.73,59.76,loamy clay ,pepper
48,61,21,30.28,61.69,6.63,65.63,sandy loam,cassava
117,27,48,26.53,82.39,6.84,54.31,loamy clay ,pepper
21,62,24,33.49,62.73,6.85,65.45,sandy loam,cassava
79,59,17,20.38,63.74,6.64,108.51,sandy loam,maize
69,55,38,22.71,82.64,5.7,271.32,clay,rice
106,16,54,28.96,91.7,6.59,24.75,sandy loam,tomatoes
85,25,47,26.11,87.64,6.3,58.48,loamy clay ,pepper
27,59,22,21.81,23.21,5.79,130.06,clay,beans
75,49,15,21.54,71.51,5.92,102.49,sandy loam,maize
29,77,75,17.5,15.48,7.78,72.94,loamy,soybean
96,54,22,25.7,61.33,6.96,83.21,sandy loam,maize
38,21,35,20.34,89.38,5.84,110.97,sandy loam,guinea_corn
91,24,55,26.27,83.09,6.26,46.77,loamy clay ,pepper
11,10,45,22.63,88.46,6.4,109.04,sandy loam,guinea_corn
4,18,37,22.92,85.41,7.13,106.28,sandy loam,guinea_corn
81,18,50,26.81,88.23,6.43,58.8,loamy clay ,pepper
6,18,37,19.66,89.94,5.94,108.05,sandy loam,guinea_corn
36,55,20,27.01,84.34,6.64,55.3,loamy,yam
76,40,43,25.16,83.12,5.07,231.38,clay,rice
22,70,19,18.24,21.08,5.52,69.45,clay,beans
34,47,19,27.31,85.45,6.57,53.15,loamy,yam
17,58,20,28.07,85.92,6.43,39.24,loamy,yam
61,60,15,24.88,68.74,6.27,91.26,sandy loam,maize
4,59,25,27.69,81.94,6.23,54.62,loamy,yam
107,22,54,28.0,90.85,6.63,21.62,sandy loam,tomatoes
60,44,23,24.79,70.05,5.72,76.73,sandy loam,maize
32,25,35,18.1,85.71,5.89,107.01,sandy loam,guinea_corn
92,35,40,22.18,80.33,6.36,200.09,clay,rice
60,55,44,23.0,82.32,7.84,263.96,clay,rice
23,57,19,32.84,68.0,7.25,73.4,sandy loam,cassava
60,57,24,18.66,61.55,6.12,75.03,sandy loam,maize
34,59,23,28.56,83.25,6.94,56.48,loamy,yam
32,18,13,13.84,91.75,6.04,107.99,loamy,orange
0,27,38,22.45,89.9,6.74,109.39,sandy loam,guinea_corn
78,58,15,25.01,67.82,6.53,62.91,sandy loam,maize
101,11,51,25.51,84.24,6.79,44.21,loamy clay ,pepper
33,15,7,15.83,91.68,7.65,109.76,loamy,orange
54,62,80,17.49,16.39,7.49,79.46,loamy,soybean
50,58,23,27.81,62.5,7.6,69.76,sandy loam,cassava
36,65,80,18.29,16.68,6.05,74.87,loamy,soybean
119,7,55,26.04,84.64,6.03,44.4,loamy clay ,pepper
90,52,25,25.97,69.36,6.82,103.22,sandy loam,maize
20,27,41,20.51,92.52,5.7,110.58,sandy loam,guinea_corn
114,27,48,27.82,93.04,6.53,26.32,sandy loam,tomatoes
0,12,7,20.18,90.65,6.97,116.81,loamy,orange
29,77,75,17.5,15.48,7.78,72.94,loamy,soybean
35,52,19,27.11,89.9,6.7,37.46,loamy,yam
21,44,18,27.07,86.9,7.13,50.47,loamy,yam
88,5,47,25.86,86.67,6.66,41.17,loamy clay ,pepper
97,36,45,22.23,81.86,6.94,278.08,clay,rice
77,58,19,22.81,56.51,5.79,101.6,sandy loam,maize
49,71,76,19.71,17.64,6.61,85.58,loamy,soybean
84,29,49,29.94,93.91,6.25,20.39,sandy loam,tomatoes
31,55,22,22.91,21.34,5.87,109.23,clay,beans
71,52,18,25.11,55.98,5.79,78.16,sandy loam,maize
78,37,22,25.34,63.32,6.33,74.52,sandy loam,maize
36,56,83,18.91,19.76,6.45,69.12,loamy,soybean
42,73,25,34.04,67.21,6.5,73.24,sandy loam,cassava
27,79,82,17.07,17.54,6.31,70.87,loamy,soybean
34,60,23,20.13,24.97,5.66,100.05,clay,beans
3,77,25,24.85,22.89,5.61,62.21,clay,beans
33,80,22,28.57,65.72,6.59,70.09,sandy loam,cassava
1,62,23,15.44,18.37,5.61,139.03,clay,beans
87,54,20,25.62,63.47,6.58,108.83,sandy loam,maize
7,16,9,18.88,92.04,7.81,114.67,loamy,orange
91,56,37,23.43,80.57,6.36,269.5,clay,rice
85,37,39,24.53,82.74,6.36,224.68,clay,rice
110,21,54,26.74,87.82,6.75,47.46,loamy clay ,pepper
30,37,25,29.89,80.14,7.12,54.8,loamy,yam
19,7,10,14.78,91.22,6.12,100.2,loamy,orange
18,9,40,19.45,89.02,5.63,106.16,sandy loam,guinea_corn
91,36,45,24.44,82.45,5.95,267.98,clay,rice
91,35,38,24.9,80.53,6.13,183.68,clay,rice
91,13,47,29.11,92.44,6.14,27.96,sandy loam,tomatoes
40,64,16,16.43,24.24,5.93,140.37,clay,beans
6,30,40,22.77,91.45,6.36,106.97,sandy loam,guinea_corn
104,17,46,25.71,80.23,6.19,43.09,loamy clay ,pepper
35,63,76,17.82,17.61,6.71,90.82,loamy,soybean
59,70,84,17.33,18.75,7.55,82.62,loamy,soybean
14,41,17,29.13,88.48,7.09,36.45,loamy,yam
21,51,15,29.36,89.19,6.68,48.3,loamy,yam
93,58,38,20.62,83.77,6.93,279.55,clay,rice
81,53,42,23.68,81.04,5.18,233.7,clay,rice
29,77,75,17.5,15.48,7.78,72.94,loamy,soybean
31,25,38,24.96,92.41,6.5,109.42,sandy loam,guinea_corn
27,60,17,26.42,63.65,7.03,64.42,sandy loam,cassava
92,21,48,25.82,82.04,6.38,54.83,loamy clay ,pepper
19,78,16,20.65,23.11,5.97,67.72,clay,beans
42,74,83,19.26,14.28,7.55,65.78,loamy,soybean
74,39,38,23.24,84.59,7.78,233.05,clay,rice
38,21,35,20.34,89.38,5.84,110.97,sandy loam,guinea_corn
120,19,49,25.79,84.27,6.76,56.45,loamy clay ,pepper
66,44,20,19.08,69.02,6.74,80.73,sandy loam,maize
47,80,77,17.18,16.43,7.56,72.85,loamy,soybean
83,58,23,19.74,59.66,6.38,65.51,sandy loam,maize
31,26,9,11.7,93.26,7.57,103.2,loamy,orange
19,7,9,27.26,91.71,6.97,101.14,loamy,orange
34,60,23,20.13,24.97,5.66,100.05,clay,beans
37,6,13,26.03,91.51,7.51,101.28,loamy,orange
30,75,81,19.42,16.81,6.41,68.52,loamy,soybean
11,72,20,19.52,24.93,5.95,113.33,clay,beans
59,58,17,28.55,66.31,7.37,62.83,sandy loam,cassava
28,7,9,34.59,92.13,6.73,115.57,loamy,orange
10,59,22,28.61,86.99,7.16,36.95,loamy,yam
65,60,43,21.97,81.9,5.66,227.36,clay,rice
77,52,17,24.86,65.74,5.71,75.82,sandy loam,maize
60,55,45,21.41,83.33,5.94,287.58,clay,rice
106,20,51,29.73,90.97,6.34,20.49,sandy loam,tomatoes
33,15,7,15.83,91.68,7.65,109.76,loamy,orange
100,10,53,24.54,84.61,6.21,42.01,loamy clay ,pepper
34,11,10,31.75,94.6,7.36,115.2,loamy,orange
42,79,85,17.22,15.82,6.13,76.58,loamy,soybean
9,8,40,22.49,89.92,6.55,111.66,sandy loam,guinea_corn
88,54,44,25.74,83.88,6.15,233.13,clay,rice
23,5,44,21.21,94.26,7.16,107.57,sandy loam,guinea_corn
99,57,35,26.76,81.18,5.96,272.3,clay,rice
8,25,36,19.91,94.95,6.83,104.03,sandy loam,guinea_corn
82,13,52,27.12,94.87,6.44,26.52,sandy loam,tomatoes
78,42,42,20.13,81.6,7.63,262.72,clay,rice
20,73,22,16.04,22.33,5.98,130.39,clay,beans
84,29,49,29.94,93.91,6.25,20.39,sandy loam,tomatoes
53,65,76,20.19,16.42,6.72,77.34,loamy,soybean
66,54,21,25.19,60.2,5.92,72.12,sandy loam,maize
89,45,36,21.33,80.47,6.44,185.5,clay,rice
17,18,43,24.49,90.84,5.84,103.2,sandy loam,guinea_corn
26,11,11,13.7,90.96,7.61,106.29,loamy,orange
105,14,50,26.21,87.69,6.42,59.66,loamy clay ,pepper
109,21,55,24.9,89.74,6.77,57.45,loamy clay ,pepper
82,26,47,28.5,93.47,6.57,24.2,sandy loam,tomatoes
2,39,15,28.07,82.91,6.48,49.62,loamy,yam
83,23,55,26.9,83.89,6.46,43.97,loamy clay ,pepper
34,59,23,28.56,83.25,6.94,56.48,loamy,yam
48,62,15,25.37,66.64,7.54,65.82,sandy loam,cassava
7,63,24,22.95,24.04,5.86,107.73,clay,beans
23,72,84,19.02,17.13,6.92,79.93,loamy,soybean
22,60,24,18.78,20.25,5.63,104.26,clay,beans
9,16,36,23.78,92.93,5.89,106.98,sandy loam,guinea_corn
37,18,12,10.27,90.19,7.4,106.7,loamy,orange
5,24,40,24.69,93.87,6.3,104.67,sandy loam,guinea_corn
21,39,20,28.14,82.12,7.06,46.76,loamy,yam
63,35,16,22.03,65.36,6.27,83.73,sandy loam,maize
75,54,36,26.29,84.57,7.02,257.49,clay,rice
2,24,38,24.56,91.64,5.92,111.97,sandy loam,guinea_corn
43,68,20,29.58,66.18,7.5,69.44,sandy loam,cassava
76,51,18,26.17,71.96,6.25,79.85,sandy loam,maize
60,61,78,20.71,19.84,6.32,94.04,loamy,soybean
20,23,11,31.85,90.12,6.41,109.95,loamy,orange
83,10,53,24.93,85.01,6.2,48.76,loamy clay ,pepper
23,59,19,21.99,24.87,5.85,129.57,clay,beans
21,63,17,15.77,19.23,5.98,108.34,clay,beans
37,50,23,29.65,88.49,6.53,56.02,loamy,yam
71,60,22,26.07,59.37,6.2,85.76,sandy loam,maize
9,35,20,27.42,80.98,6.91,40.53,loamy,yam
62,52,16,22.28,58.84,6.97,63.87,sandy loam,maize
11,72,20,19.52,24.93,5.95,113.33,clay,beans
14,67,22,23.83,24.75,5.62,84.64,clay,beans
37,6,13,26.03,91.51,7.51,101.28,loamy,orange
19,24,15,20.49,93.72,7.14,111.84,loamy,orange
11,61,21,18.62,23.02,5.53,135.34,clay,beans
111,5,47,28.03,91.47,6.27,21.18,sandy loam,tomatoes
89,9,47,29.47,90.77,6.67,28.75,sandy loam,tomatoes
6,18,37,19.66,89.94,5.94,108.05,sandy loam,guinea_corn
30,44,16,29.73,82.89,6.44,50.92,loamy,yam
34,9,36,22.81,86.34,6.28,110.44,sandy loam,guinea_corn
65,60,22,25.37,72.52,6.61,107.91,sandy loam,maize
32,18,13,13.84,91.75,6.04,107.99,loamy,orange
73,58,21,19.97,57.68,6.6,60.65,sandy loam,maize
31,26,9,11.7,93.26,7.57,103.2,loamy,orange
4,13,6,15.63,94.26,7.56,101.47,loamy,orange
71,46,40,20.28,82.12,7.24,191.95,clay,rice
95,12,46,26.22,81.01,6.32,54.65,loamy clay ,pepper
60,61,78,20.71,19.84,6.32,94.04,loamy,soybean
31,79,25,23.19,22.31,5.9,63.38,clay,beans
114,8,50,24.75,88.31,6.58,57.96,loamy clay ,pepper
27,30,5,32.72,90.55,7.66,113.33,loamy,orange
0,5,36,24.35,90.89,6.15,105.53,sandy loam,guinea_corn
37,49,25,29.91,85.85,6.42,41.39,loamy,yam
99,54,37,21.14,80.34,5.59,198.67,clay,rice
9,10,10,22.36,93.52,6.01,101.52,loamy,orange
24,67,22,20.12,22.9,5.62,104.63,clay,beans
39,25,36,18.9,95.0,5.57,107.61,sandy loam,guinea_corn
83,57,19,25.73,70.75,6.88,98.74,sandy loam,maize
107,5,52,26.66,89.98,6.88,57.41,loamy clay ,pepper
37,74,15,24.92,18.23,5.58,62.71,clay,beans
85,37,39,24.53,82.74,6.36,224.68,clay,rice
24,27,9,18.87,93.25,6.16,119.39,loamy,orange
82,43,38,23.29,81.43,5.11,242.32,clay,rice
94,50,37,25.67,80.66,6.95,209.59,clay,rice
37,24,13,19.14,90.71,7.85,108.02,loamy,orange
58,79,17,27.25,66.1,7.04,62.32,sandy loam,cassava
72,60,25,18.53,69.03,5.77,88.1,sandy loam,maize
105,30,50,25.3,81.78,6.38,57.04,loamy clay ,pepper
57,67,25,32.35,66.61,7.55,64.56,sandy loam,cassava
65,37,40,23.36,83.6,5.33,188.41,clay,rice
2,38,18,27.54,89.93,6.62,45.49,loamy,yam
14,41,17,29.13,88.48,7.09,36.45,loamy,yam
31,76,82,20.82,17.85,7.6,79.21,loamy,soybean
115,18,53,29.17,94.2,6.01,22.07,sandy loam,tomatoes
89,54,38,24.52,83.54,6.69,230.45,clay,rice
8,28,37,23.88,86.21,6.08,108.31,sandy loam,guinea_corn
70,44,19,23.32,73.45,5.85,94.3,sandy loam,maize
61,60,15,24.88,68.74,6.27,91.26,sandy loam,maize
107,5,52,26.66,89.98,6.88,57.41,loamy clay ,pepper
67,43,39,26.04,84.97,6.0,186.75,clay,rice
97,12,47,25.29,89.64,6.77,58.29,loamy clay ,pepper
4,13,6,15.63,94.26,7.56,101.47,loamy,orange
99,55,35,21.72,80.24,6.5,277.96,clay,rice
66,54,21,25.19,60.2,5.92,72.12,sandy loam,maize
30,63,16,23.61,21.91,5.53,100.6,clay,beans
40,27,45,21.66,94.79,5.89,112.43,sandy loam,guinea_corn
105,30,50,25.3,81.78,6.38,57.04,loamy clay ,pepper
58,75,25,25.26,61.37,7.26,68.65,sandy loam,cassava
36,24,41,24.94,94.26,7.01,103.88,sandy loam,guinea_corn
42,74,83,19.26,14.28,7.55,65.78,loamy,soybean
85,58,41,21.77,80.32,7.04,226.66,clay,rice
97,22,50,26.26,86.15,6.77,58.98,loamy clay ,pepper
30,65,25,32.89,64.59,7.71,71.51,sandy loam,cassava
36,38,15,28.36,87.6,6.32,58.0,loamy,yam
101,17,55,24.37,87.13,6.45,44.64,loamy clay ,pepper
9,8,40,22.49,89.92,6.55,111.66,sandy loam,guinea_corn
0,55,22,22.99,20.58,5.92,143.86,clay,beans
85,58,41,21.77,80.32,7.04,226.66,clay,rice
32,18,13,13.84,91.75,6.04,107.99,loamy,orange
64,35,23,23.02,61.89,5.68,63.04,sandy loam,maize
29,25,14,30.49,90.46,7.78,113.33,loamy,orange
30,20,38,22.6,93.16,7.06,110.09,sandy loam,guinea_corn
25,40,21,27.73,81.14,6.25,44.18,loamy,yam
94,53,40,20.28,82.89,5.72,241.97,clay,rice
119,19,55,25.19,83.45,6.82,46.87,loamy clay ,pepper
109,21,55,24.9,89.74,6.77,57.45,loamy clay ,pepper
4,18,37,22.92,85.41,7.13,106.28,sandy loam,guinea_corn
73,58,21,19.97,57.68,6.6,60.65,sandy loam,maize
37,78,79,19.95,14.83,7.79,88.68,loamy,soybean
40,9,41,24.38,85.4,5.78,106.13,sandy loam,guinea_corn
53,65,76,20.19,16.42,6.72,77.34,loamy,soybean
25,65,21,33.86,68.59,6.88,69.24,sandy loam,cassava
12,61,19,19.33,24.14,5.66,68.51,clay,beans
4,20,41,24.27,93.8,6.54,104.54,sandy loam,guinea_corn
29,68,23,24.16,19.28,5.83,116.73,clay,beans
111,5,52,29.88,94.04,6.14,21.0,sandy loam,tomatoes
37,24,13,19.14,90.71,7.85,108.02,loamy,orange
38,36,21,28.03,84.88,6.56,36.12,loamy,yam
53,67,17,31.78,69.02,7.3,61.47,sandy loam,cassava
17,52,17,27.88,86.45,6.36,44.64,loamy,yam
27,72,23,19.93,21.8,5.96,64.03,clay,beans
85,58,41,21.77,80.32,7.04,226.66,clay,rice
100,6,53,29.05,93.92,6.11,23.67,sandy loam,tomatoes
79,45,20,23.81,59.25,5.72,89.96,sandy loam,maize
99,55,35,21.72,80.24,6.5,277.96,clay,rice
83,7,45,29.08,90.74,6.7,25.33,sandy loam,tomatoes
61,53,43,26.4,81.06,6.35,223.37,clay,rice
109,21,55,24.9,89.74,6.77,57.45,loamy clay ,pepper
28,74,81,18.01,18.31,8.75,81.99,loamy,soybean
3,67,24,17.0,19.91,5.52,103.29,clay,beans
114,8,50,24.75,88.31,6.58,57.96,loamy clay ,pepper
33,75,21,33.05,68.94,6.69,62.3,sandy loam,cassava
83,22,54,25.9,81.97,6.28,54.5,loamy clay ,pepper
78,43,42,21.32,83.0,7.28,192.32,clay,rice
7,16,9,18.88,92.04,7.81,114.67,loamy,orange
82,26,47,28.5,93.47,6.57,24.2,sandy loam,tomatoes
27,56,20,19.26,20.51,5.54,94.95,clay,beans
35,69,23,16.79,24.97,5.58,75.45,clay,beans
35,57,83,19.48,17.45,7.48,80.5,loamy,soybean
83,57,19,25.73,70.75,6.88,98.74,sandy loam,maize
22,64,82,19.49,17.17,6.47,87.51,loamy,soybean
113,6,52,27.76,90.36,6.74,25.22,sandy loam,tomatoes
22,60,24,18.78,20.25,5.63,104.26,clay,beans
11,72,20,19.52,24.93,5.95,113.33,clay,beans
84,44,21,21.87,61.91,5.85,107.27,sandy loam,maize
37,62,17,25.69,69.84,7.12,74.62,sandy loam,cassava
40,18,43,19.39,86.79,5.77,109.91,sandy loam,guinea_corn
60,38,17,18.42,64.24,6.47,76.41,sandy loam,maize
4,13,6,15.63,94.26,7.56,101.47,loamy,orange
89,60,19,25.19,66.69,5.91,78.07,sandy loam,maize
40,29,42,24.63,89.02,7.1,110.7,sandy loam,guinea_corn
76,39,24,24.25,55.65,7.0,64.24,sandy loam,maize
98,7,45,27.79,92.51,6.16,26.85,sandy loam,tomatoes
66,54,21,25.19,60.2,5.92,72.12,sandy loam,maize
0,49,18,29.68,87.94,6.99,41.82,loamy,yam
8,23,38,19.3,87.18,7.01,105.48,sandy loam,guinea_corn
4,18,37,22.92,85.41,7.13,106.28,sandy loam,guinea_corn
119,19,55,25.19,83.45,6.82,46.87,loamy clay ,pepper
84,51,35,22.3,80.64,6.04,197.98,clay,rice
106,20,51,29.73,90.97,6.34,20.49,sandy loam,tomatoes
44,74,85,20.19,19.64,7.15,78.26,loamy,soybean
26,11,11,13.7,90.96,7.61,106.29,loamy,orange
10,59,15,29.83,89.3,6.32,58.87,loamy,yam
25,17,40,18.91,87.75,6.61,111.28,sandy loam,guinea_corn
44,55,25,29.63,65.91,7.42,71.16,sandy loam,cassava
81,45,23,19.33,68.03,6.19,84.23,sandy loam,maize
29,25,14,30.49,90.46,7.78,113.33,loamy,orange
0,49,18,29.68,87.94,6.99,41.82,loamy,yam
83,23,55,26.9,83.89,6.46,43.97,loamy clay ,pepper
19,35,24,27.11,83.64,6.88,49.12,loamy,yam
115,12,52,27.51,94.96,6.69,21.02,sandy loam,tomatoes
90,16,45,24.92,80.62,6.29,50.56,loamy clay ,pepper
21,51,15,29.36,89.19,6.68,48.3,loamy,yam
105,14,50,26.21,87.69,6.42,59.66,loamy clay ,pepper
88,55,45,24.64,80.41,7.73,253.72,clay,rice
111,6,53,26.49,88.59,6.31,46.06,loamy clay ,pepper
87,60,23,20.27,63.91,6.44,62.5,sandy loam,maize
25,48,21,28.44,83.49,6.27,52.55,loamy,yam
18,23,8,21.49,93.44,6.41,101.48,loamy,orange
83,25,53,26.49,80.05,6.06,57.73,loamy clay ,pepper
111,5,55,26.28,84.42,6.52,50.79,loamy clay ,pepper
18,74,15,24.9,22.28,5.71,146.47,clay,beans
108,22,46,26.18,86.73,6.12,53.33,loamy clay ,pepper
120,20,45,25.67,88.7,6.11,54.23,loamy clay ,pepper
115,12,52,27.51,94.96,6.69,21.02,sandy loam,tomatoes
20,79,77,18.55,16.03,7.65,76.33,loamy,soybean
12,61,19,19.33,24.14,5.66,68.51,clay,beans
120,23,55,27.84,91.61,6.73,26.48,sandy loam,tomatoes
95,13,46,29.84,93.76,6.13,23.28,sandy loam,tomatoes
9,8,40,22.49,89.92,6.55,111.66,sandy loam,guinea_corn
83,58,45,25.76,83.52,5.88,245.66,clay,rice
39,71,84,20.28,16.4,8.14,82.52,loamy,soybean
16,75,21,18.51,23.62,5.68,87.05,clay,beans
81,53,42,23.68,81.04,5.18,233.7,clay,rice
63,35,16,22.03,65.36,6.27,83.73,sandy loam,maize
42,74,83,19.26,14.28,7.55,65.78,loamy,soybean
28,68,19,34.64,61.39,7.7,72.43,sandy loam,cassava
37,55,82,19.46,18.02,6.42,78.45,loamy,soybean
71,35,24,22.27,59.52,5.83,67.97,sandy loam,maize
13,7,43,18.2,91.12,7.01,109.66,sandy loam,guinea_corn
11,14,5,11.5,94.89,6.95,115.57,loamy,orange
77,36,23,24.71,56.73,6.65,88.45,sandy loam,maize
58,71,15,27.83,67.59,6.92,74.01,sandy loam,cassava
74,39,23,22.63,65.77,6.78,88.17,sandy loam,maize
20,73,22,16.04,22.33,5.98,130.39,clay,beans
26,65,22,17.85,18.78,5.95,143.1,clay,beans
29,45,16,28.44,87.91,6.58,43.12,loamy,yam
85,37,39,24.53,82.74,6.36,224.68,clay,rice
61,41,17,25.14,65.26,6.02,76.68,sandy loam,maize
16,29,13,32.32,93.68,6.2,117.62,loamy,orange
32,60,83,19.69,19.44,8.83,91.76,loamy,soybean
13,22,5,19.67,90.5,7.76,100.17,loamy,orange
109,21,55,24.9,89.74,6.77,57.45,loamy clay ,pepper
90,52,25,25.97,69.36,6.82,103.22,sandy loam,maize
109,21,55,24.9,89.74,6.77,57.45,loamy clay ,pepper
18,14,11,28.05,90.01,6.55,117.13,loamy,orange
95,16,55,25.27,87.55,6.61,40.13,loamy clay ,pepper
4,20,41,24.27,93.8,6.54,104.54,sandy loam,guinea_corn
26,65,22,17.85,18.78,5.95,143.1,clay,beans
22,64,82,19.49,17.17,6.47,87.51,loamy,soybean
9,8,40,22.49,89.92,6.55,111.66,sandy loam,guinea_corn
17,58,20,28.07,85.92,6.43,39.24,loamy,yam
29,76,15,28.54,64.2,7.03,69.69,sandy loam,cassava
49,68,22,28.57,61.53,7.13,63.5,sandy loam,cassava
8,45,18,27.93,85.42,7.01,43.25,loamy,yam
95,12,51,25.76,84.17,6.68,44.22,loamy clay ,pepper
26,80,18,19.33,23.33,5.58,104.78,clay,beans
40,64,16,16.43,24.24,5.93,140.37,clay,beans
113,20,48,27.47,94.88,6.44,27.28,sandy loam,tomatoes
3,26,39,24.38,91.19,7.08,103.6,sandy loam,guinea_corn
23,30,44,20.94,85.43,6.12,103.03,sandy loam,guinea_corn
22,79,17,21.42,20.4,5.91,116.52,clay,beans
76,57,18,18.98,74.53,6.09,94.26,sandy loam,maize
13,16,8,34.74,93.12,6.95,100.2,loamy,orange
26,27,10,28.07,92.91,6.08,114.13,loamy,orange
21,21,38,22.55,89.33,6.33,104.9,sandy loam,guinea_corn
59,69,80,19.08,17.87,8.17,69.41,loamy,soybean
60,46,22,24.89,65.61,6.63,87.93,sandy loam,maize
20,79,77,18.55,16.03,7.65,76.33,loamy,soybean
34,71,79,17.93,15.86,7.73,74.64,loamy,soybean
67,35,22,23.31,63.25,6.39,108.76,sandy loam,maize
119,5,55,29.69,94.3,6.17,26.84,sandy loam,tomatoes
9,25,41,24.82,91.91,5.97,109.29,sandy loam,guinea_corn
3,9,45,23.89,89.62,6.54,104.62,sandy loam,guinea_corn
85,37,39,24.53,82.74,6.36,224.68,clay,rice
75,53,18,20.69,59.44,6.86,103.65,sandy loam,maize
83,58,45,25.76,83.52,5.88,245.66,clay,rice
8,23,44,18.47,89.69,7.13,108.48,sandy loam,guinea_corn
95,16,46,27.08,90.14,6.75,24.45,sandy loam,tomatoes
9,80,19,21.81,18.57,5.95,125.1,clay,beans
76,40,43,25.16,83.12,5.07,231.38,clay,rice
50,64,25,28.84,63.37,6.73,70.25,sandy loam,cassava
27,40,24,27.84,90.0,7.06,52.85,loamy,yam
49,72,15,31.56,67.84,7.14,74.87,sandy loam,cassava
101,17,47,29.49,94.73,6.19,26.31,sandy loam,tomatoes
88,55,45,24.64,80.41,7.73,253.72,clay,rice
117,25,53,29.12,92.13,6.41,24.52,sandy loam,tomatoes
25,62,21,26.73,68.14,7.04,67.15,sandy loam,cassava
95,13,46,29.84,93.76,6.13,23.28,sandy loam,tomatoes
25,48,21,28.44,83.49,6.27,52.55,loamy,yam
95,12,46,26.22,81.01,6.32,54.65,loamy clay ,pepper
119,19,55,25.19,83.45,6.82,46.87,loamy clay ,pepper
64,45,43,25.63,83.53,5.53,209.9,clay,rice
11,71,24,21.14,22.72,5.61,141.61,clay,beans
22,64,82,19.49,17.17,6.47,87.51,loamy,soybean
0,23,15,22.57,93.37,7.6,109.86,loamy,orange
37,18,39,24.15,94.51,6.42,110.23,sandy loam,guinea_corn
81,30,48,28.52,92.1,6.04,29.87,sandy loam,tomatoes
104,17,46,25.71,80.23,6.19,43.09,loamy clay ,pepper
32,79,15,23.91,20.75,5.71,81.6,clay,beans
19,39,17,29.28,81.8,6.89,44.47,loamy,yam
5,65,16,21.33,18.49,5.87,109.1,clay,beans
13,7,43,18.2,91.12,7.01,109.66,sandy loam,guinea_corn
40,64,16,16.43,24.24,5.93,140.37,clay,beans
108,26,52,28.83,94.27,6.2,26.24,sandy loam,tomatoes
31,8,7,34.51,93.64,7.16,103.57,loamy,orange
44,55,25,29.63,65.91,7.42,71.16,sandy loam,cassava
31,25,12,18.05,90.04,7.02,111.78,loamy,orange
8,7,10,28.26,91.98,6.93,105.21,loamy,orange
99,38,21,22.88,71.6,6.35,67.73,sandy loam,maize
68,41,16,21.78,57.81,6.16,102.09,sandy loam,maize
83,45,21,18.83,58.75,5.72,79.75,sandy loam,maize
39,37,15,29.0,83.79,6.82,59.84,loamy,yam
39,37,15,29.0,83.79,6.82,59.84,loamy,yam
19,55,20,27.43,87.81,7.19,54.73,loamy,yam
34,60,23,20.13,24.97,5.66,100.05,clay,beans
11,61,21,18.62,23.02,5.53,135.34,clay,beans
92,20,55,25.1,87.53,6.59,59.27,loamy clay ,pepper
21,17,15,23.98,91.55,7.46,118.49,loamy,orange
66,53,19,23.09,60.12,6.03,65.5,sandy loam,maize
22,60,24,18.78,20.25,5.63,104.26,clay,beans
93,53,38,26.93,81.91,7.07,290.68,clay,rice
5,29,44,21.02,93.06,5.58,104.78,sandy loam,guinea_corn
21,21,38,22.55,89.33,6.33,104.9,sandy loam,guinea_corn
114,27,48,27.82,93.04,6.53,26.32,sandy loam,tomatoes
23,62,85,18.97,19.52,8.49,80.71,loamy,soybean
10,5,5,21.21,91.35,7.82,112.98,loamy,orange
18,12,8,12.59,91.82,6.21,119.39,loamy,orange
24,55,78,17.3,15.15,6.65,75.58,loamy,soybean
9,48,22,27.77,87.1,6.4,49.51,loamy,yam
30,44,16,29.73,82.89,6.44,50.92,loamy,yam
60,51,36,22.7,82.81,6.03,257.0,clay,rice
39,71,84,20.28,16.4,8.14,82.52,loamy,soybean
26,65,22,17.85,18.78,5.95,143.1,clay,beans
5,65,16,21.33,18.49,5.87,109.1,clay,beans
26,80,83,17.08,16.15,7.53,71.31,loamy,soybean
78,58,15,25.01,67.82,6.53,62.91,sandy loam,maize
63,35,16,22.03,65.36,6.27,83.73,sandy loam,maize
23,39,22,29.26,81.98,6.86,42.02,loamy,yam
25,27,41,19.2,94.28,6.92,108.04,sandy loam,guinea_corn
60,48,39,24.28,80.3,7.04,231.09,clay,rice
19,55,20,27.43,87.81,7.19,54.73,loamy,yam
23,72,84,19.02,17.13,6.92,79.93,loamy,soybean
42,67,77,18.99,15.94,6.11,78.71,loamy,soybean
49,71,76,19.71,17.64,6.61,85.58,loamy,soybean
81,16,45,26.9,86.25,6.73,59.76,loamy clay ,pepper
58,79,17,27.25,66.1,7.04,62.32,sandy loam,cassava
31,51,25,27.54,85.57,7.2,53.02,loamy,yam
25,48,21,28.44,83.49,6.27,52.55,loamy,yam
39,24,14,30.55,90.9,7.19,106.07,loamy,orange
20,60,25,27.33,69.09,6.73,61.19,sandy loam,cassava
59,62,83,18.58,19.22,8.1,72.95,loamy,soybean
40,78,20,19.19,20.83,5.67,80.15,clay,beans
36,7,37,19.87,86.36,5.78,108.32,sandy loam,guinea_corn
5,15,38,18.26,88.17,5.71,108.08,sandy loam,guinea_corn
20,23,11,31.85,90.12,6.41,109.95,loamy,orange
86,36,24,26.55,72.89,5.79,73.34,sandy loam,maize
26,80,83,17.08,16.15,7.53,71.31,loamy,soybean
27,62,77,18.2,14.71,6.58,70.18,loamy,soybean
100,14,49,29.49,91.08,6.37,26.02,sandy loam,tomatoes
91,13,47,29.11,92.44,6.14,27.96,sandy loam,tomatoes
34,66,17,18.81,21.28,5.89,125.08,clay,beans
4,59,25,27.69,81.94,6.23,54.62,loamy,yam
57,60,84,19.1,17.26,6.59,75.49,loamy,soybean
26,18,42,19.73,89.65,6.91,108.23,sandy loam,guinea_corn
76,48,18,19.3,69.63,5.78,83.21,sandy loam,maize
8,16,6,12.23,90.26,7.11,108.42,loamy,orange
28,35,22,29.53,86.73,7.16,59.87,loamy,yam
18,23,8,21.49,93.44,6.41,101.48,loamy,orange
21,38,21,29.76,86.45,6.64,37.55,loamy,yam
66,54,21,25.19,60.2,5.92,72.12,sandy loam,maize
85,52,45,26.31,82.37,7.22,265.54,clay,rice
60,68,83,19.12,18.43,6.62,85.53,loamy,soybean
37,55,82,19.46,18.02,6.42,78.45,loamy,soybean
104,25,51,28.96,93.88,6.47,23.56,sandy loam,tomatoes
27,56,22,19.92,20.7,5.83,108.64,clay,beans
96,54,22,25.7,61.33,6.96,83.21,sandy loam,maize
22,60,24,18.78,20.25,5.63,104.26,clay,beans
30,44,16,29.73,82.89,6.44,50.92,loamy,yam
96,13,55,29.53,94.57,6.7,21.14,sandy loam,tomatoes
52,63,19,29.59,68.32,6.93,67.53,sandy loam,cassava
31,37,21,27.24,86.4,6.71,37.31,loamy,yam
5,8,5,11.03,92.23,6.56,112.77,loamy,orange
76,51,18,26.17,71.96,6.25,79.85,sandy loam,maize
31,8,7,34.51,93.64,7.16,103.57,loamy,orange
26,67,16,29.11,67.91,7.18,67.83,sandy loam,cassava
22,60,85,18.84,14.74,6.81,94.78,loamy,soybean
91,53,40,26.53,81.42,5.39,264.61,clay,rice
27,64,15,20.16,24.84,5.51,138.24,clay,beans
26,11,11,13.7,90.96,7.61,106.29,loamy,orange
39,71,84,20.28,16.4,8.14,82.52,loamy,soybean
83,29,52,25.76,87.59,6.7,46.05,loamy clay ,pepper
119,30,49,25.36,80.46,6.9,47.72,loamy clay ,pepper
90,52,25,25.97,69.36,6.82,103.22,sandy loam,maize
22,64,82,19.49,17.17,6.47,87.51,loamy,soybean
70,47,17,24.61,70.42,6.6,104.16,sandy loam,maize
101,17,55,24.37,87.13,6.45,44.64,loamy clay ,pepper
101,17,47,29.49,94.73,6.19,26.31,sandy loam,tomatoes
54,61,77,18.81,15.22,6.21,77.54,loamy,soybean
98,7,45,27.79,92.51,6.16,26.85,sandy loam,tomatoes
67,35,22,23.31,63.25,6.39,108.76,sandy loam,maize
90,46,42,23.98,81.45,7.5,250.08,clay,rice
109,21,55,24.9,89.74,6.77,57.45,loamy clay ,pepper
99,50,15,18.15,71.09,5.57,88.08,sandy loam,maize
31,37,21,27.24,86.4,6.71,37.31,loamy,yam
4,6,7,23.01,91.12,6.71,112.67,loamy,orange
19,78,16,20.65,23.11,5.97,67.72,clay,beans
95,55,42,26.8,82.15,5.95,193.35,clay,rice
28,7,9,34.59,92.13,6.73,115.57,loamy,orange
32,60,83,19.69,19.44,8.83,91.76,loamy,soybean
81,30,48,28.52,92.1,6.04,29.87,sandy loam,tomatoes
55,77,22,31.43,62.99,7.76,64.78,sandy loam,cassava
57,67,25,32.35,66.61,7.55,64.56,sandy loam,cassava
30,20,38,22.6,93.16,7.06,110.09,sandy loam,guinea_corn
69,37,42,23.06,83.37,7.07,251.05,clay,rice
30,44,16,29.73,82.89,6.44,50.92,loamy,yam
24,55,78,17.3,15.15,6.65,75.58,loamy,soybean
34,59,23,28.56,83.25,6.94,56.48,loamy,yam
12,29,13,22.46,91.53,7.57,118.01,loamy,orange
95,12,46,26.22,81.01,6.32,54.65,loamy clay ,pepper
85,21,47,29.87,90.61,6.19,24.7,sandy loam,tomatoes
95,38,22,19.85,61.25,5.73,100.77,sandy loam,maize
26,54,17,28.55,88.96,6.27,49.49,loamy,yam
3,9,45,23.89,89.62,6.54,104.62,sandy loam,guinea_corn
64,45,43,25.63,83.53,5.53,209.9,clay,rice
1,15,9,29.98,94.55,7.53,115.36,loamy,orange
42,67,77,18.99,15.94,6.11,78.71,loamy,soybean
31,26,9,11.7,93.26,7.57,103.2,loamy,orange
1,59,23,27.47,87.18,7.18,43.78,loamy,yam
28,58,81,17.48,16.54,6.18,93.35,loamy,soybean
120,23,55,27.84,91.61,6.73,26.48,sandy loam,tomatoes
6,48,24,28.64,84.61,6.79,48.48,loamy,yam
26,18,42,19.73,89.65,6.91,108.23,sandy loam,guinea_corn
26,27,10,28.07,92.91,6.08,114.13,loamy,orange
112,25,51,25.05,85.57,6.93,56.72,loamy clay ,pepper
9,48,20,29.66,84.28,6.38,56.1,loamy,yam
79,45,20,23.81,59.25,5.72,89.96,sandy loam,maize
113,6,52,27.76,90.36,6.74,25.22,sandy loam,tomatoes
114,27,48,27.82,93.04,6.53,26.32,sandy loam,tomatoes
23,62,85,18.97,19.52,8.49,80.71,loamy,soybean
83,60,36,25.6,80.15,6.9,200.83,clay,rice
52,68,78,17.49,16.96,6.9,86.05,loamy,soybean
67,43,39,26.04,84.97,6.0,186.75,clay,rice
17,58,20,28.07,85.92,6.43,39.24,loamy,yam
37,55,82,19.46,18.02,6.42,78.45,loamy,soybean
50,64,25,28.84,63.37,6.73,70.25,sandy loam,cassava
0,49,18,29.68,87.94,6.99,41.82,loamy,yam
23,62,19,16.52,20.46,5.61,98.78,clay,beans
100,14,49,29.49,91.08,6.37,26.02,sandy loam,tomatoes
9,11,8,24.86,94.39,6.56,111.78,loamy,orange
22,56,17,29.88,87.33,6.89,44.75,loamy,yam
63,35,16,22.03,65.36,6.27,83.73,sandy loam,maize
9,80,19,21.81,18.57,5.95,125.1,clay,beans
105,14,50,26.21,87.69,6.42,59.66,loamy clay ,pepper
37,49,25,29.91,85.85,6.42,41.39,loamy,yam
85,37,39,24.53,82.74,6.36,224.68,clay,rice
6,18,37,19.66,89.94,5.94,108.05,sandy loam,guinea_corn
93,53,38,26.93,81.91,7.07,290.68,clay,rice
73,35,38,24.89,81.98,5.01,185.95,clay,rice
39,17,45,18.1,90.42,6.92,104.88,sandy loam,guinea_corn
115,11,46,24.42,89.4,6.62,40.32,loamy clay ,pepper
23,59,19,21.99,24.87,5.85,129.57,clay,beans
13,16,8,34.74,93.12,6.95,100.2,loamy,orange
28,58,81,17.48,16.54,6.18,93.35,loamy,soybean
29,22,40,23.63,89.73,6.15,107.68,sandy loam,guinea_corn
20,8,12,25.3,94.96,7.26,117.97,loamy,orange
6,77,25,20.61,24.36,5.79,69.64,clay,beans
11,10,45,22.63,88.46,6.4,109.04,sandy loam,guinea_corn
34,47,19,27.31,85.45,6.57,53.15,loamy,yam
109,21,55,24.9,89.74,6.77,57.45,loamy clay ,pepper
91,56,37,23.43,80.57,6.36,269.5,clay,rice
107,11,54,28.59,91.34,6.09,29.44,sandy loam,tomatoes
27,65,18,20.11,23.22,5.6,73.36,clay,beans
23,59,25,27.83,88.73,6.32,56.69,loamy,yam
8,54,20,28.33,80.77,7.03,38.8,loamy,yam
69,37,42,23.06,83.37,7.07,251.05,clay,rice
4,19,43,18.07,93.15,5.78,106.36,sandy loam,guinea_corn
118,18,52,28.05,90.83,6.56,20.76,sandy loam,tomatoes
60,55,44,23.0,82.32,7.84,263.96,clay,rice
97,12,47,25.29,89.64,6.77,58.29,loamy clay ,pepper
101,17,55,24.37,87.13,6.45,44.64,loamy clay ,pepper
8,28,37,23.88,86.21,6.08,108.31,sandy loam,guinea_corn
77,52,17,24.86,65.74,5.71,75.82,sandy loam,maize
100,10,53,24.54,84.61,6.21,42.01,loamy clay ,pepper
86,36,24,26.55,72.89,5.79,73.34,sandy loam,maize
59,70,84,17.33,18.75,7.55,82.62,loamy,soybean
38,60,76,18.65,17.81,8.87,77.93,loamy,soybean
97,50,41,24.53,80.54,7.07,260.26,clay,rice
0,49,18,29.68,87.94,6.99,41.82,loamy,yam
52,56,85,20.12,14.44,6.82,88.68,loamy,soybean
12,20,10,24.45,93.11,6.53,109.47,loamy,orange
5,13,37,22.34,89.79,5.65,103.32,sandy loam,guinea_corn
31,37,21,27.24,86.4,6.71,37.31,loamy,yam
81,6,55,24.89,85.87,6.11,51.71,loamy clay ,pepper
90,46,42,23.98,81.45,7.5,250.08,clay,rice
105,14,50,26.21,87.69,6.42,59.66,loamy clay ,pepper
5,45,21,28.36,88.01,6.49,43.05,loamy,yam
102,28,54,25.16,80.28,6.86,55.5,loamy clay ,pepper
22,60,24,18.78,20.25,5.63,104.26,clay,beans
78,58,15,25.01,67.82,6.53,62.91,sandy loam,maize
34,71,79,17.93,15.86,7.73,74.64,loamy,soybean
113,6,52,27.76,90.36,6.74,25.22,sandy loam,tomatoes
39,73,24,25.66,61.18,7.22,69.29,sandy loam,cassava
30,44,16,29.73,82.89,6.44,50.92,loamy,yam
90,44,38,23.84,83.88,7.47,241.2,clay,rice
120,20,45,25.67,88.7,6.11,54.23,loamy clay ,pepper
42,58,25,27.46,62.9,6.51,69.46,sandy loam,cassava
27,64,15,20.16,24.84,5.51,138.24,clay,beans
21,17,15,23.98,91.55,7.46,118.49,loamy,orange
24,55,78,17.3,15.15,6.65,75.58,loamy,soybean
83,60,36,25.6,80.15,6.9,200.83,clay,rice
29,11,5,23.13,91.95,7.64,104.42,loamy,orange
27,56,20,19.26,20.51,5.54,94.95,clay,beans
48,65,78,17.44,14.34,7.86,73.09,loamy,soybean
6,8,11,24.36,92.4,6.6,119.69,loamy,orange
91,24,55,26.27,83.09,6.26,46.77,loamy clay ,pepper
61,52,41,24.98,83.89,6.88,204.8,clay,rice
6,9,12,31.08,90.14,7.03,109.69,loamy,orange
100,6,53,29.05,93.92,6.11,23.67,sandy loam,tomatoes
86,36,24,26.55,72.89,5.79,73.34,sandy loam,maize
9,8,15,14.34,94.36,7.99,110.22,loamy,orange
100,18,52,26.2,80.38,6.88,56.48,loamy clay ,pepper
20,8,12,25.3,94.96,7.26,117.97,loamy,orange
60,43,44,21.02,82.95,7.42,298.4,clay,rice
40,18,43,19.39,86.79,5.77,109.91,sandy loam,guinea_corn
1,59,23,27.47,87.18,7.18,43.78,loamy,yam
52,60,79,19.45,18.23,8.38,75.63,loamy,soybean
57,73,85,18.49,14.72,7.36,91.95,loamy,soybean
65,60,43,21.97,81.9,5.66,227.36,clay,rice
9,77,17,20.12,24.45,5.78,106.16,clay,beans
81,45,23,19.33,68.03,6.19,84.23,sandy loam,maize
115,18,53,29.17,94.2,6.01,22.07,sandy loam,tomatoes
83,9,45,25.85,89.13,6.05,46.85,loamy clay ,pepper
31,75,18,15.47,21.44,5.82,88.89,clay,beans
75,56,18,19.4,62.36,5.7,60.95,sandy loam,maize
92,20,55,25.1,87.53,6.59,59.27,loamy clay ,pepper
61,44,17,26.1,71.57,6.93,102.27,sandy loam,maize
11,72,20,19.52,24.93,5.95,113.33,clay,beans
114,8,52,29.34,94.55,6.42,28.23,sandy loam,tomatoes
12,6,8,30.85,92.87,6.39,107.41,loamy,orange
25,68,77,20.09,15.11,7.7,85.75,loamy,soybean
22,78,76,17.85,19.09,8.62,76.32,loamy,soybean
32,14,37,22.73,88.49,6.83,104.68,sandy loam,guinea_corn
119,5,55,29.69,94.3,6.17,26.84,sandy loam,tomatoes
29,63,17,30.03,67.89,7.26,66.47,sandy loam,cassava
90,52,25,25.97,69.36,6.82,103.22,sandy loam,maize
52,70,16,33.67,66.6,7.53,67.33,sandy loam,cassava
113,20,48,27.47,94.88,6.44,27.28,sandy loam,tomatoes
101,17,55,24.37,87.13,6.45,44.64,loamy clay ,pepper
1,62,23,15.44,18.37,5.61,139.03,clay,beans
73,58,21,19.97,57.68,6.6,60.65,sandy loam,maize
3,77,25,24.85,22.89,5.61,62.21,clay,beans
4,23,5,22.68,93.36,7.48,110.33,loamy,orange
19,78,16,20.65,23.11,5.97,67.72,clay,beans
40,58,75,18.59,14.78,6.17,89.61,loamy,soybean
40,29,42,24.63,89.02,7.1,110.7,sandy loam,guinea_corn
30,44,16,29.73,82.89,6.44,50.92,loamy,yam
102,11,47,27.99,92.78,6.5,27.15,sandy loam,tomatoes
39,76,76,19.97,15.57,6.14,69.16,loamy,soybean
27,79,82,17.07,17.54,6.31,70.87,loamy,soybean
10,59,15,29.83,89.3,6.32,58.87,loamy,yam
104,17,46,25.71,80.23,6.19,43.09,loamy clay ,pepper
4,67,25,23.79,24.36,5.95,119.64,clay,beans
30,64,20,33.86,61.57,6.57,68.02,sandy loam,cassava
99,5,47,24.13,84.84,6.65,51.19,loamy clay ,pepper
39,9,15,25.35,91.81,7.99,116.76,loamy,orange
66,44,20,19.08,69.02,6.74,80.73,sandy loam,maize
23,57,19,32.84,68.0,7.25,73.4,sandy loam,cassava
52,60,79,19.45,18.23,8.38,75.63,loamy,soybean
27,56,20,29.21,87.11,6.42,51.54,loamy,yam
99,39,18,19.2,68.31,6.11,87.85,sandy loam,maize
29,11,5,23.13,91.95,7.64,104.42,loamy,orange
104,25,51,28.96,93.88,6.47,23.56,sandy loam,tomatoes
34,71,79,17.93,15.86,7.73,74.64,loamy,soybean
22,56,17,29.88,87.33,6.89,44.75,loamy,yam
84,18,46,27.09,93.42,6.78,25.32,sandy loam,tomatoes
19,17,39,24.72,85.56,6.73,111.28,sandy loam,guinea_corn
57,73,85,18.49,14.72,7.36,91.95,loamy,soybean
66,54,21,25.19,60.2,5.92,72.12,sandy loam,maize
60,44,23,24.79,70.05,5.72,76.73,sandy loam,maize
27,56,22,19.92,20.7,5.83,108.64,clay,beans
91,24,55,26.27,83.09,6.26,46.77,loamy clay ,pepper
29,21,45,23.41,93.13,6.75,105.22,sandy loam,guinea_corn
19,7,9,27.26,91.71,6.97,101.14,loamy,orange
27,30,5,32.72,90.55,7.66,113.33,loamy,orange
49,68,22,28.57,61.53,7.13,63.5,sandy loam,cassava
79,45,20,23.81,59.25,5.72,89.96,sandy loam,maize
30,70,79,20.27,19.97,7.31,69.64,loamy,soybean
91,53,40,26.53,81.42,5.39,264.61,clay,rice
108,23,51,26.84,83.85,6.11,40.23,loamy clay ,pepper
99,39,18,19.2,68.31,6.11,87.85,sandy loam,maize
116,25,50,29.26,92.92,6.09,28.71,sandy loam,tomatoes
6,18,37,19.66,89.94,5.94,108.05,sandy loam,guinea_corn
44,74,85,20.19,19.64,7.15,78.26,loamy,soybean
30,37,25,29.89,80.14,7.12,54.8,loamy,yam
116,25,50,29.26,92.92,6.09,28.71,sandy loam,tomatoes
39,37,15,29.0,83.79,6.82,59.84,loamy,yam
34,59,18,23.38,21.99,5.74,87.67,clay,beans
34,71,79,17.93,15.86,7.73,74.64,loamy,soybean
56,67,78,17.57,16.72,8.26,77.82,loamy,soybean
60,48,39,24.28,80.3,7.04,231.09,clay,rice
83,60,36,25.6,80.15,6.9,200.83,clay,rice
57,68,81,17.17,17.3,8.08,72.79,loamy,soybean
99,6,45,26.13,86.55,6.0,40.71,loamy clay ,pepper
28,35,22,29.53,86.73,7.16,59.87,loamy,yam
59,55,19,31.74,62.51,7.33,68.97,sandy loam,cassava
98,7,45,27.79,92.51,6.16,26.85,sandy loam,tomatoes
14,22,9,17.25,91.14,6.54,112.51,loamy,orange
94,39,18,23.89,57.49,5.89,102.83,sandy loam,maize
76,40,43,25.16,83.12,5.07,231.38,clay,rice
93,22,48,29.13,91.52,6.78,21.9,sandy loam,tomatoes
57,67,25,32.35,66.61,7.55,64.56,sandy loam,cassava
3,26,39,24.38,91.19,7.08,103.6,sandy loam,guinea_corn
36,43,21,28.36,84.86,7.14,52.93,loamy,yam
29,11,5,23.13,91.95,7.64,104.42,loamy,orange
11,71,24,21.14,22.72,5.61,141.61,clay,beans
42,79,85,17.22,15.82,6.13,76.58,loamy,soybean
12,8,10,16.15,91.44,8.0,107.43,loamy,orange
90,23,54,28.56,90.46,6.16,27.27,sandy loam,tomatoes
21,63,22,25.1,67.73,6.86,74.62,sandy loam,cassava
11,18,42,21.58,94.88,5.94,102.86,sandy loam,guinea_corn
11,61,21,18.62,23.02,5.53,135.34,clay,beans
25,60,22,21.63,21.18,5.89,134.36,clay,beans
67,45,38,22.73,82.17,7.3,260.89,clay,rice
90,57,24,18.93,72.8,6.16,82.34,sandy loam,maize
18,23,44,23.71,89.62,6.18,105.65,sandy loam,guinea_corn
34,35,21,28.45,82.68,6.68,58.19,loamy,yam
50,56,76,21.0,19.86,7.97,73.51,loamy,soybean
40,30,35,20.89,91.08,6.27,104.44,sandy loam,guinea_corn
117,24,53,29.17,92.21,6.29,21.3,sandy loam,tomatoes
85,27,45,26.07,88.73,6.47,57.8,loamy clay ,pepper
28,7,9,34.59,92.13,6.73,115.57,loamy,orange
97,12,47,25.29,89.64,6.77,58.29,loamy clay ,pepper
60,55,44,23.0,82.32,7.84,263.96,clay,rice
5,74,21,16.24,21.36,5.59,66.97,clay,beans
26,11,11,13.7,90.96,7.61,106.29,loamy,orange
14,8,43,21.93,94.46,7.05,111.72,sandy loam,guinea_corn
37,50,23,29.65,88.49,6.53,56.02,loamy,yam
62,42,36,22.78,82.07,6.43,248.72,clay,rice
5,23,15,25.67,92.05,7.41,112.54,loamy,orange
15,6,41,19.01,88.84,6.9,108.68,sandy loam,guinea_corn
87,21,52,27.35,94.29,6.07,27.21,sandy loam,tomatoes
0,12,7,20.18,90.65,6.97,116.81,loamy,orange
20,7,45,18.91,89.24,6.08,112.48,sandy loam,guinea_corn
58,70,84,20.65,16.61,6.23,74.66,loamy,soybean
22,60,85,18.84,14.74,6.81,94.78,loamy,soybean
36,55,20,27.01,84.34,6.64,55.3,loamy,yam
85,9,53,28.21,92.87,6.45,28.79,sandy loam,tomatoes
40,64,16,16.43,24.24,5.93,140.37,clay,beans
93,58,38,20.62,83.77,6.93,279.55,clay,rice
20,7,45,18.91,89.24,6.08,112.48,sandy loam,guinea_corn
18,5,11,20.88,90.94,6.25,102.46,loamy,orange
59,69,80,19.08,17.87,8.17,69.41,loamy,soybean
77,58,19,22.81,56.51,5.79,101.6,sandy loam,maize
82,25,51,24.31,87.47,6.07,48.11,loamy clay ,pepper
20,79,77,18.55,16.03,7.65,76.33,loamy,soybean
53,65,76,20.19,16.42,6.72,77.34,loamy,soybean
27,76,83,19.13,14.92,6.29,89.62,loamy,soybean
8,16,6,12.23,90.26,7.11,108.42,loamy,orange
25,17,40,18.91,87.75,6.61,111.28,sandy loam,guinea_corn
97,36,45,22.23,81.86,6.94,278.08,clay,rice
11,71,17,19.92,21.47,5.75,82.69,clay,beans
91,24,55,26.27,83.09,6.26,46.77,loamy clay ,pepper
120,8,46,29.56,90.71,6.73,28.37,sandy loam,tomatoes
25,70,16,19.63,18.91,5.76,106.36,clay,beans
87,54,20,25.62,63.47,6.58,108.83,sandy loam,maize
99,6,46,28.61,94.22,6.4,28.99,sandy loam,tomatoes
105,30,50,25.3,81.78,6.38,57.04,loamy clay ,pepper
60,68,83,19.12,18.43,6.62,85.53,loamy,soybean
92,7,48,26.28,86.63,6.96,54.39,loamy clay ,pepper
29,36,25,28.29,88.44,7.13,48.57,loamy,yam
19,65,25,18.1,18.29,5.63,144.79,clay,beans
31,11,45,24.84,86.89,6.03,107.64,sandy loam,guinea_corn
12,8,10,16.15,91.44,8.0,107.43,loamy,orange
13,47,20,29.22,87.94,6.54,43.14,loamy,yam
27,59,22,21.81,23.21,5.79,130.06,clay,beans
63,35,16,22.03,65.36,6.27,83.73,sandy loam,maize
15,14,8,10.01,90.22,6.22,119.39,loamy,orange
0,23,15,22.57,93.37,7.6,109.86,loamy,orange
96,13,55,29.53,94.57,6.7,21.14,sandy loam,tomatoes
20,60,25,27.33,69.09,6.73,61.19,sandy loam,cassava
26,65,22,17.85,18.78,5.95,143.1,clay,beans
80,26,55,24.53,88.99,6.14,49.12,loamy clay ,pepper
93,22,48,29.13,91.52,6.78,21.9,sandy loam,tomatoes
22,70,19,18.24,21.08,5.52,69.45,clay,beans
53,74,15,29.43,64.94,7.52,72.18,sandy loam,cassava
22,70,19,18.24,21.08,5.52,69.45,clay,beans
19,65,25,18.1,18.29,5.63,144.79,clay,beans
27,62,24,28.63,66.77,7.35,62.27,sandy loam,cassava
90,23,54,28.56,90.46,6.16,27.27,sandy loam,tomatoes
87,54,20,25.62,63.47,6.58,108.83,sandy loam,maize
37,6,13,26.03,91.51,7.51,101.28,loamy,orange
120,20,45,25.67,88.7,6.11,54.23,loamy clay ,pepper
94,53,40,20.28,82.89,5.72,241.97,clay,rice
13,17,45,21.25,92.65,7.16,106.28,sandy loam,guinea_corn
73,57,41,21.45,84.94,5.82,272.2,clay,rice
101,17,47,29.49,94.73,6.19,26.31,sandy loam,tomatoes
103,17,51,25.11,80.03,6.21,44.21,loamy clay ,pepper
40,18,43,19.39,86.79,5.77,109.91,sandy loam,guinea_corn
12,61,19,19.33,24.14,5.66,68.51,clay,beans
85,58,41,21.77,80.32,7.04,226.66,clay,rice
18,5,11,20.88,90.94,6.25,102.46,loamy,orange
81,25,49,29.87,93.25,6.08,26.26,sandy loam,tomatoes
21,38,21,29.76,86.45,6.64,37.55,loamy,yam
6,8,11,24.36,92.4,6.6,119.69,loamy,orange
11,71,24,21.14,22.72,5.61,141.61,clay,beans
11,78,22,23.9,22.74,5.94,112.66,clay,beans
13,8,12,25.16,92.55,7.11,114.31,loamy,orange
117,25,54,28.68,92.51,6.15,29.11,sandy loam,tomatoes
9,77,17,20.12,24.45,5.78,106.16,clay,beans
76,49,42,24.96,84.48,5.21,196.96,clay,rice
94,50,37,25.67,80.66,6.95,209.59,clay,rice
35,69,23,16.79,24.97,5.58,75.45,clay,beans
29,11,5,23.13,91.95,7.64,104.42,loamy,orange
3,26,39,24.38,91.19,7.08,103.6,sandy loam,guinea_corn
44,75,22,30.03,64.15,7.57,71.21,sandy loam,cassava
41,74,18,28.76,61.03,6.6,73.38,sandy loam,cassava
6,8,11,24.36,92.4,6.6,119.69,loamy,orange
14,67,15,19.56,24.67,5.69,139.29,clay,beans
9,48,20,29.66,84.28,6.38,56.1,loamy,yam
22,79,17,21.42,20.4,5.91,116.52,clay,beans
14,59,15,21.35,22.91,5.78,146.45,clay,beans
91,21,50,24.34,81.44,6.76,48.32,loamy clay ,pepper
99,38,21,22.88,71.6,6.35,67.73,sandy loam,maize
36,66,15,30.09,69.35,6.67,67.14,sandy loam,cassava
82,22,45,26.22,85.35,6.51,54.6,loamy clay ,pepper
29,25,14,30.49,90.46,7.78,113.33,loamy,orange
102,28,54,25.16,80.28,6.86,55.5,loamy clay ,pepper
63,35,16,22.03,65.36,6.27,83.73,sandy loam,maize
68,40,19,26.14,66.21,6.66,107.24,sandy loam,maize
14,48,21,29.25,84.8,6.99,53.43,loamy,yam
31,25,12,18.05,90.04,7.02,111.78,loamy,orange
40,78,20,19.19,20.83,5.67,80.15,clay,beans
82,25,51,24.31,87.47,6.07,48.11,loamy clay ,pepper
101,17,55,24.37,87.13,6.45,44.64,loamy clay ,pepper
8,54,20,28.33,80.77,7.03,38.8,loamy,yam
24,30,11,32.4,94.52,6.6,113.25,loamy,orange
9,10,10,22.36,93.52,6.01,101.52,loamy,orange
35,72,21,34.04,64.29,7.74,66.86,sandy loam,cassava
8,72,17,20.57,19.75,5.71,87.88,clay,beans
10,5,5,21.21,91.35,7.82,112.98,loamy,orange
52,65,20,32.82,66.16,6.81,68.84,sandy loam,cassava
52,65,20,32.82,66.16,6.81,68.84,sandy loam,cassava
3,77,25,24.85,22.89,5.61,62.21,clay,beans
89,60,17,25.38,57.21,5.98,101.7,sandy loam,maize
55,78,21,33.39,62.94,6.6,63.57,sandy loam,cassava
114,27,48,27.82,93.04,6.53,26.32,sandy loam,tomatoes
99,36,20,20.58,65.35,6.67,78.35,sandy loam,maize
37,18,39,24.15,94.51,6.42,110.23,sandy loam,guinea_corn
29,36,25,28.29,88.44,7.13,48.57,loamy,yam
77,52,17,24.86,65.74,5.71,75.82,sandy loam,maize
104,17,46,25.71,80.23,6.19,43.09,loamy clay ,pepper
30,75,81,19.42,16.81,6.41,68.52,loamy,soybean
101,17,55,24.37,87.13,6.45,44.64,loamy clay ,pepper
11,10,45,22.63,88.46,6.4,109.04,sandy loam,guinea_corn
92,60,23,18.67,71.52,5.72,69.93,sandy loam,maize
90,14,52,24.85,89.2,6.39,59.68,loamy clay ,pepper
120,8,46,29.56,90.71,6.73,28.37,sandy loam,tomatoes
22,70,19,18.24,21.08,5.52,69.45,clay,beans
42,73,25,34.04,67.21,6.5,73.24,sandy loam,cassava
9,48,22,27.77,87.1,6.4,49.51,loamy,yam
39,17,45,18.1,90.42,6.92,104.88,sandy loam,guinea_corn
26,27,10,28.07,92.91,6.08,114.13,loamy,orange
32,13,42,23.5,92.98,5.79,106.62,sandy loam,guinea_corn
63,35,16,22.03,65.36,6.27,83.73,sandy loam,maize
61,53,43,26.4,81.06,6.35,223.37,clay,rice
40,58,75,18.59,14.78,6.17,89.61,loamy,soybean
104,17,46,25.71,80.23,6.19,43.09,loamy clay ,pepper
24,55,78,17.3,15.15,6.65,75.58,loamy,soybean
76,40,43,25.16,83.12,5.07,231.38,clay,rice
83,45,21,18.83,58.75,5.72,79.75,sandy loam,maize
4,44,19,27.96,83.53,6.92,43.26,loamy,yam
95,26,45,29.92,94.56,6.12,28.16,sandy loam,tomatoes
85,22,53,25.97,89.77,6.85,59.46,loamy clay ,pepper
10,5,5,21.21,91.35,7.82,112.98,loamy,orange
29,21,45,23.41,93.13,6.75,105.22,sandy loam,guinea_corn
114,30,51,29.25,90.07,6.07,25.93,sandy loam,tomatoes
14,19,14,17.68,94.36,6.7,108.06,loamy,orange
39,24,14,30.55,90.9,7.19,106.07,loamy,orange
8,54,20,28.33,80.77,7.03,38.8,loamy,yam
21,38,21,29.76,86.45,6.64,37.55,loamy,yam
12,29,13,22.46,91.53,7.57,118.01,loamy,orange
65,37,40,23.36,83.6,5.33,188.41,clay,rice
74,56,22,18.28,66.66,6.83,80.98,sandy loam,maize
99,38,21,22.88,71.6,6.35,67.73,sandy loam,maize
51,72,75,18.89,14.99,7.1,80.11,loamy,soybean
31,55,22,22.91,21.34,5.87,109.23,clay,beans
15,6,41,19.01,88.84,6.9,108.68,sandy loam,guinea_corn
14,37,15,27.96,83.98,6.58,48.94,loamy,yam
51,72,75,18.89,14.99,7.1,80.11,loamy,soybean
38,36,21,28.03,84.88,6.56,36.12,loamy,yam
29,22,43,19.66,87.95,5.56,106.04,sandy loam,guinea_corn
83,25,53,26.49,80.05,6.06,57.73,loamy clay ,pepper
100,6,53,29.05,93.92,6.11,23.67,sandy loam,tomatoes
40,51,17,28.66,86.12,6.86,50.02,loamy,yam
101,13,54,25.43,82.91,6.83,56.34,loamy clay ,pepper
89,60,19,25.19,66.69,5.91,78.07,sandy loam,maize
95,39,36,23.86,83.15,5.56,285.25,clay,rice
52,70,16,33.67,66.6,7.53,67.33,sandy loam,cassava
91,24,55,26.27,83.09,6.26,46.77,loamy clay ,pepper
18,14,11,28.05,90.01,6.55,117.13,loamy,orange
5,59,15,18.87,20.18,5.97,134.18,clay,beans
69,46,41,23.64,80.29,5.01,263.11,clay,rice
61,60,15,24.88,68.74,6.27,91.26,sandy loam,maize
31,53,16,28.74,85.82,6.45,48.55,loamy,yam
37,64,22,17.48,18.83,5.95,121.94,clay,beans
39,58,85,17.89,15.41,6.0,68.55,loamy,soybean
11,72,20,19.52,24.93,5.95,113.33,clay,beans
95,16,55,25.27,87.55,6.61,40.13,loamy clay ,pepper
11,18,42,21.58,94.88,5.94,102.86,sandy loam,guinea_corn
10,56,16,28.17,81.05,6.83,36.36,loamy,yam
73,57,41,21.45,84.94,5.82,272.2,clay,rice
27,79,82,17.07,17.54,6.31,70.87,loamy,soybean
89,45,36,21.33,80.47,6.44,185.5,clay,rice
91,50,40,20.82,84.13,6.46,230.22,clay,rice
6,18,37,19.66,89.94,5.94,108.05,sandy loam,guinea_corn
56,76,16,28.27,61.19,7.51,63.3,sandy loam,cassava
20,60,78,18.17,14.7,6.36,90.78,loamy,soybean
37,55,82,19.46,18.02,6.42,78.45,loamy,soybean
3,9,45,23.89,89.62,6.54,104.62,sandy loam,guinea_corn
26,80,18,19.33,23.33,5.58,104.78,clay,beans
115,12,52,27.51,94.96,6.69,21.02,sandy loam,tomatoes
60,46,22,24.89,65.61,6.63,87.93,sandy loam,maize
112,28,54,24.86,85.05,6.74,55.3,loamy clay ,pepper
5,29,44,21.02,93.06,5.58,104.78,sandy loam,guinea_corn
12,29,40,19.68,89.75,6.59,111.28,sandy loam,guinea_corn
7,16,9,18.88,92.04,7.81,114.67,loamy,orange
59,70,84,17.33,18.75,7.55,82.62,loamy,soybean
14,59,15,21.35,22.91,5.78,146.45,clay,beans
21,21,38,22.55,89.33,6.33,104.9,sandy loam,guinea_corn
28,74,81,18.01,18.31,8.75,81.99,loamy,soybean
2,24,38,24.56,91.64,5.92,111.97,sandy loam,guinea_corn
66,54,21,25.19,60.2,5.92,72.12,sandy loam,maize
1,48,24,29.35,85.6,6.23,59.04,loamy,yam
86,18,45,28.97,90.72,6.57,22.26,sandy loam,tomatoes
83,58,45,25.76,83.52,5.88,245.66,clay,rice
120,16,51,28.0,91.64,6.55,23.29,sandy loam,tomatoes
36,76,75,18.38,16.64,8.74,70.52,loamy,soybean
74,35,40,26.49,80.16,6.98,242.86,clay,rice
27,72,23,19.93,21.8,5.96,64.03,clay,beans
7,16,9,18.88,92.04,7.81,114.67,loamy,orange
89,54,38,24.52,83.54,6.69,230.45,clay,rice
31,25,12,18.05,90.04,7.02,111.78,loamy,orange
43,79,79,19.41,18.98,7.81,80.25,loamy,soybean
39,71,84,20.28,16.4,8.14,82.52,loamy,soybean
105,30,50,25.3,81.78,6.38,57.04,loamy clay ,pepper
17,77,23,24.51,20.82,5.67,64.19,clay,beans
95,16,46,27.08,90.14,6.75,24.45,sandy loam,tomatoes
9,69,20,19.31,23.96,5.59,129.34,clay,beans
18,5,11,20.88,90.94,6.25,102.46,loamy,orange
85,58,41,21.77,80.32,7.04,226.66,clay,rice
27,56,20,19.26,20.51,5.54,94.95,clay,beans
43,68,81,17.48,17.93,6.76,78.92,loamy,soybean
97,25,50,26.22,80.9,6.09,49.09,loamy clay ,pepper
27,64,15,20.16,24.84,5.51,138.24,clay,beans
22,78,76,17.85,19.09,8.62,76.32,loamy,soybean
83,10,53,24.93,85.01,6.2,48.76,loamy clay ,pepper
101,17,55,24.37,87.13,6.45,44.64,loamy clay ,pepper
4,14,41,19.85,89.81,6.43,102.82,sandy loam,guinea_corn
72,60,25,18.53,69.03,5.77,88.1,sandy loam,maize
5,65,16,21.33,18.49,5.87,109.1,clay,beans
97,25,50,26.22,80.9,6.09,49.09,loamy clay ,pepper
12,78,23,16.07,18.72,6.0,88.07,clay,beans
90,15,52,27.05,91.38,6.45,23.66,sandy loam,tomatoes
61,52,41,24.98,83.89,6.88,204.8,clay,rice
8,26,36,18.78,87.4,6.8,102.52,sandy loam,guinea_corn
24,80,19,29.68,69.09,6.81,65.66,sandy loam,cassava
93,58,38,20.62,83.77,6.93,279.55,clay,rice
57,73,85,18.49,14.72,7.36,91.95,loamy,soybean
37,18,12,10.27,90.19,7.4,106.7,loamy,orange
25,70,16,19.63,18.91,5.76,106.36,clay,beans
65,60,43,21.97,81.9,5.66,227.36,clay,rice
96,46,22,20.58,69.0,6.5,66.29,sandy loam,maize
41,74,18,28.76,61.03,6.6,73.38,sandy loam,cassava
34,59,18,23.38,21.99,5.74,87.67,clay,beans
63,35,16,22.03,65.36,6.27,83.73,sandy loam,maize
52,63,19,29.59,68.32,6.93,67.53,sandy loam,cassava
95,7,45,27.3,90.8,6.03,25.09,sandy loam,tomatoes
49,71,76,19.71,17.64,6.61,85.58,loamy,soybean
83,29,52,25.76,87.59,6.7,46.05,loamy clay ,pepper
3,9,45,23.89,89.62,6.54,104.62,sandy loam,guinea_corn
98,25,52,25.28,83.15,6.22,49.29,loamy clay ,pepper
102,11,45,29.03,93.13,6.36,24.16,sandy loam,tomatoes
38,60,76,18.65,17.81,8.87,77.93,loamy,soybean
3,67,24,17.0,19.91,5.52,103.29,clay,beans
33,75,84,19.46,18.73,7.22,68.81,loamy,soybean
36,43,22,27.83,87.17,6.39,58.37,loamy,yam
91,13,47,29.11,92.44,6.14,27.96,sandy loam,tomatoes
78,58,44,26.8,80.89,5.11,284.44,clay,rice
110,21,54,26.74,87.82,6.75,47.46,loamy clay ,pepper
10,59,15,29.83,89.3,6.32,58.87,loamy,yam
35,64,78,17.93,14.27,7.5,85.37,loamy,soybean
13,47,20,29.22,87.94,6.54,43.14,loamy,yam
32,79,15,23.91,20.75,5.71,81.6,clay,beans
20,8,12,25.3,94.96,7.26,117.97,loamy,orange
9,16,39,18.41,91.12,6.1,105.18,sandy loam,guinea_corn
82,25,51,24.31,87.47,6.07,48.11,loamy clay ,pepper
110,14,51,27.02,91.67,6.09,21.26,sandy loam,tomatoes
68,57,43,26.09,80.38,5.71,182.9,clay,rice
99,36,20,20.58,65.35,6.67,78.35,sandy loam,maize
29,22,43,19.66,87.95,5.56,106.04,sandy loam,guinea_corn
31,53,16,28.74,85.82,6.45,48.55,loamy,yam
49,55,78,18.66,16.18,7.86,81.71,loamy,soybean
53,65,76,20.19,16.42,6.72,77.34,loamy,soybean
27,64,21,32.84,68.68,7.54,73.67,sandy loam,cassava
27,62,77,18.2,14.71,6.58,70.18,loamy,soybean
22,9,44,24.72,88.88,5.74,112.19,sandy loam,guinea_corn
21,6,41,24.88,89.4,7.09,107.2,sandy loam,guinea_corn
51,72,75,18.89,14.99,7.1,80.11,loamy,soybean
85,22,53,25.97,89.77,6.85,59.46,loamy clay ,pepper
36,76,75,18.38,16.64,8.74,70.52,loamy,soybean
99,50,15,18.15,71.09,5.57,88.08,sandy loam,maize
11,18,42,21.58,94.88,5.94,102.86,sandy loam,guinea_corn
25,70,16,19.63,18.91,5.76,106.36,clay,beans
3,9,45,23.89,89.62,6.54,104.62,sandy loam,guinea_corn
81,45,35,26.53,80.12,6.16,218.92,clay,rice
107,5,52,26.66,89.98,6.88,57.41,loamy clay ,pepper
29,16,36,19.81,88.93,5.74,102.86,sandy loam,guinea_corn
40,58,75,18.59,14.78,6.17,89.61,loamy,soybean
78,42,42,20.13,81.6,7.63,262.72,clay,rice
4,13,6,15.63,94.26,7.56,101.47,loamy,orange
12,6,8,30.85,92.87,6.39,107.41,loamy,orange
53,73,77,19.71,18.1,7.33,73.64,loamy,soybean
26,65,22,17.85,18.78,5.95,143.1,clay,beans
58,63,81,19.81,14.7,6.52,78.97,loamy,soybean
89,45,36,21.33,80.47,6.44,185.5,clay,rice
39,37,15,29.0,83.79,6.82,59.84,loamy,yam
22,56,17,29.88,87.33,6.89,44.75,loamy,yam
60,44,23,24.79,70.05,5.72,76.73,sandy loam,maize
93,53,38,26.93,81.91,7.07,290.68,clay,rice
71,54,16,22.61,63.69,5.75,87.76,sandy loam,maize
12,20,10,24.45,93.11,6.53,109.47,loamy,orange
25,48,21,28.44,83.49,6.27,52.55,loamy,yam
99,6,45,26.13,86.55,6.0,40.71,loamy clay ,pepper
113,28,48,28.88,92.49,6.17,24.44,sandy loam,tomatoes
1,62,23,15.44,18.37,5.61,139.03,clay,beans
4,13,6,15.63,94.26,7.56,101.47,loamy,orange
36,43,22,27.83,87.17,6.39,58.37,loamy,yam
11,46,24,27.65,89.81,6.46,56.53,loamy,yam
39,37,15,29.0,83.79,6.82,59.84,loamy,yam
29,70,15,30.33,63.55,6.87,74.17,sandy loam,cassava
37,66,85,20.93,18.91,6.46,78.07,loamy,soybean
22,60,24,18.78,20.25,5.63,104.26,clay,beans
25,62,21,26.73,68.14,7.04,67.15,sandy loam,cassava
12,78,23,16.07,18.72,6.0,88.07,clay,beans
37,66,85,20.93,18.91,6.46,78.07,loamy,soybean
114,30,51,29.25,90.07,6.07,25.93,sandy loam,tomatoes
89,25,50,27.05,91.35,6.38,25.08,sandy loam,tomatoes
22,26,38,22.92,85.13,6.99,110.24,sandy loam,guinea_corn
91,55,15,18.09,72.61,6.38,78.96,sandy loam,maize
22,60,85,18.84,14.74,6.81,94.78,loamy,soybean
95,38,22,19.85,61.25,5.73,100.77,sandy loam,maize
90,23,54,28.56,90.46,6.16,27.27,sandy loam,tomatoes
27,24,41,24.33,90.88,6.61,110.46,sandy loam,guinea_corn
30,44,16,29.73,82.89,6.44,50.92,loamy,yam
85,21,52,29.63,90.1,6.08,23.7,sandy loam,tomatoes
6,62,22,20.53,18.09,5.82,120.45,clay,beans
52,60,79,19.45,18.23,8.38,75.63,loamy,soybean
34,59,23,28.56,83.25,6.94,56.48,loamy,yam
17,77,23,24.51,20.82,5.67,64.19,clay,beans
85,9,53,28.21,92.87,6.45,28.79,sandy loam,tomatoes
5,45,21,28.36,88.01,6.49,43.05,loamy,yam
4,67,25,23.79,24.36,5.95,119.64,clay,beans
29,22,40,23.63,89.73,6.15,107.68,sandy loam,guinea_corn
23,59,25,27.83,88.73,6.32,56.69,loamy,yam
40,17,15,21.35,90.95,7.87,107.09,loamy,orange
82,23,49,26.81,87.22,6.87,51.7,loamy clay ,pepper
1,15,9,29.98,94.55,7.53,115.36,loamy,orange
108,23,51,26.84,83.85,6.11,40.23,loamy clay ,pepper
114,27,48,27.82,93.04,6.53,26.32,sandy loam,tomatoes
21,51,15,29.36,89.19,6.68,48.3,loamy,yam
20,41,20,29.27,89.49,7.07,50.92,loamy,yam
34,59,18,23.38,21.99,5.74,87.67,clay,beans
31,55,22,22.91,21.34,5.87,109.23,clay,beans
31,58,15,27.11,84.97,7.12,51.53,loamy,yam
4,36,22,27.61,86.13,7.01,43.8,loamy,yam
78,43,42,21.32,83.0,7.28,192.32,clay,rice
57,73,85,18.49,14.72,7.36,91.95,loamy,soybean
30,37,25,29.89,80.14,7.12,54.8,loamy,yam
3,9,45,23.89,89.62,6.54,104.62,sandy loam,guinea_corn
27,62,77,18.2,14.71,6.58,70.18,loamy,soybean
102,11,47,27.99,92.78,6.5,27.15,sandy loam,tomatoes
8,45,18,27.93,85.42,7.01,43.25,loamy,yam
94,39,18,23.89,57.49,5.89,102.83,sandy loam,maize
22,60,85,18.84,14.74,6.81,94.78,loamy,soybean
97,50,41,24.53,80.54,7.07,260.26,clay,rice
32,25,35,18.1,85.71,5.89,107.01,sandy loam,guinea_corn
100,10,53,24.54,84.61,6.21,42.01,loamy clay ,pepper
71,52,18,25.11,55.98,5.79,78.16,sandy loam,maize
100,18,52,26.2,80.38,6.88,56.48,loamy clay ,pepper
20,23,11,31.85,90.12,6.41,109.95,loamy,orange
99,5,47,24.13,84.84,6.65,51.19,loamy clay ,pepper
89,22,52,24.9,86.11,6.22,53.15,loamy clay ,pepper
112,25,51,25.05,85.57,6.93,56.72,loamy clay ,pepper
73,58,21,19.97,57.68,6.6,60.65,sandy loam,maize
22,60,24,18.78,20.25,5.63,104.26,clay,beans
74,55,19,18.05,62.89,6.29,84.24,sandy loam,maize
86,36,24,26.55,72.89,5.79,73.34,sandy loam,maize
83,45,21,18.83,58.75,5.72,79.75,sandy loam,maize
38,36,21,28.03,84.88,6.56,36.12,loamy,yam
34,9,36,22.81,86.34,6.28,110.44,sandy loam,guinea_corn
101,11,51,25.51,84.24,6.79,44.21,loamy clay ,pepper
93,58,38,20.62,83.77,6.93,279.55,clay,rice
36,38,15,28.36,87.6,6.32,58.0,loamy,yam
62,48,20,21.7,60.47,6.71,95.71,sandy loam,maize
43,79,79,19.41,18.98,7.81,80.25,loamy,soybean
89,45,36,21.33,80.47,6.44,185.5,clay,rice
6,62,22,20.53,18.09,5.82,120.45,clay,beans
40,78,20,19.19,20.83,5.67,80.15,clay,beans
11,18,42,21.58,94.88,5.94,102.86,sandy loam,guinea_corn
74,48,17,21.63,60.28,6.43,69.22,sandy loam,maize
34,47,19,27.31,85.45,6.57,53.15,loamy,yam
23,72,84,19.02,17.13,6.92,79.93,loamy,soybean
22,60,24,18.78,20.25,5.63,104.26,clay,beans
4,24,43,22.4,88.15,7.2,109.87,sandy loam,guinea_corn
34,35,21,28.45,82.68,6.68,58.19,loamy,yam
4,44,19,27.96,83.53,6.92,43.26,loamy,yam
112,25,51,25.05,85.57,6.93,56.72,loamy clay ,pepper
77,52,17,24.86,65.74,5.71,75.82,sandy loam,maize
37,55,82,19.46,18.02,6.42,78.45,loamy,soybean
83,45,21,18.83,58.75,5.72,79.75,sandy loam,maize
76,60,39,20.05,80.35,6.77,208.58,clay,rice
59,58,17,28.55,66.31,7.37,62.83,sandy loam,cassava
39,71,84,20.28,16.4,8.14,82.52,loamy,soybean
36,55,20,27.01,84.34,6.64,55.3,loamy,yam
24,30,11,32.4,94.52,6.6,113.25,loamy,orange
99,29,55,29.19,91.46,6.66,26.48,sandy loam,tomatoes
85,58,41,21.77,80.32,7.04,226.66,clay,rice
21,63,22,25.1,67.73,6.86,74.62,sandy loam,cassava
9,8,40,22.49,89.92,6.55,111.66,sandy loam,guinea_corn
26,11,11,13.7,90.96,7.61,106.29,loamy,orange
30,70,79,20.27,19.97,7.31,69.64,loamy,soybean
51,72,75,18.89,14.99,7.1,80.11,loamy,soybean
52,60,79,19.45,18.23,8.38,75.63,loamy,soybean
22,64,82,19.49,17.17,6.47,87.51,loamy,soybean
99,39,18,19.2,68.31,6.11,87.85,sandy loam,maize
30,70,79,20.27,19.97,7.31,69.64,loamy,soybean
17,59,17,18.42,23.43,5.69,132.98,clay,beans
13,30,37,20.86,91.62,6.28,106.87,sandy loam,guinea_corn
81,6,55,24.89,85.87,6.11,51.71,loamy clay ,pepper
1,62,23,15.44,18.37,5.61,139.03,clay,beans
44,55,25,29.63,65.91,7.42,71.16,sandy loam,cassava
108,22,47,28.54,91.73,6.16,25.13,sandy loam,tomatoes
37,72,18,18.88,24.54,5.72,105.41,clay,beans
14,67,22,23.83,24.75,5.62,84.64,clay,beans
13,72,21,24.32,21.03,5.82,60.28,clay,beans
31,8,7,34.51,93.64,7.16,103.57,loamy,orange
35,64,15,28.47,63.54,6.5,69.53,sandy loam,cassava
37,64,22,17.48,18.83,5.95,121.94,clay,beans
93,41,17,25.62,66.5,6.05,105.47,sandy loam,maize
29,70,15,30.33,63.55,6.87,74.17,sandy loam,cassava
0,18,14,29.77,92.01,7.21,114.42,loamy,orange
40,64,16,16.43,24.24,5.93,140.37,clay,beans
25,27,41,19.2,94.28,6.92,108.04,sandy loam,guinea_corn
112,28,54,24.86,85.05,6.74,55.3,loamy clay ,pepper
20,79,77,18.55,16.03,7.65,76.33,loamy,soybean
0,18,14,29.77,92.01,7.21,114.42,loamy,orange
95,13,46,29.84,93.76,6.13,23.28,sandy loam,tomatoes
58,70,84,20.65,16.61,6.23,74.66,loamy,soybean
30,70,79,20.27,19.97,7.31,69.64,loamy,soybean
14,37,15,27.96,83.98,6.58,48.94,loamy,yam
113,6,52,27.76,90.36,6.74,25.22,sandy loam,tomatoes
61,44,17,26.1,71.57,6.93,102.27,sandy loam,maize
33,37,19,27.93,86.55,7.18,43.48,loamy,yam
17,58,20,28.07,85.92,6.43,39.24,loamy,yam
20,40,15,29.57,88.08,7.2,45.04,loamy,yam
11,61,21,18.62,23.02,5.53,135.34,clay,beans
48,65,78,17.44,14.34,7.86,73.09,loamy,soybean
78,48,22,23.09,63.1,5.59,70.43,sandy loam,maize
89,9,47,29.47,90.77,6.67,28.75,sandy loam,tomatoes
83,45,21,18.83,58.75,5.72,79.75,sandy loam,maize
32,14,37,22.73,88.49,6.83,104.68,sandy loam,guinea_corn
85,22,53,25.97,89.77,6.85,59.46,loamy clay ,pepper
117,19,55,28.8,91.78,6.12,25.16,sandy loam,tomatoes
68,57,43,26.09,80.38,5.71,182.9,clay,rice
42,67,77,18.99,15.94,6.11,78.71,loamy,soybean
66,54,21,25.19,60.2,5.92,72.12,sandy loam,maize
23,72,84,19.02,17.13,6.92,79.93,loamy,soybean
114,8,50,24.75,88.31,6.58,57.96,loamy clay ,pepper
14,48,21,29.25,84.8,6.99,53.43,loamy,yam
86,55,21,21.54,59.64,6.8,109.75,sandy loam,maize
24,27,9,18.87,93.25,6.16,119.39,loamy,orange
57,57,75,17.09,18.25,7.79,87.27,loamy,soybean
14,67,22,23.83,24.75,5.62,84.64,clay,beans
30,20,38,22.6,93.16,7.06,110.09,sandy loam,guinea_corn
37,66,85,20.93,18.91,6.46,78.07,loamy,soybean
95,39,36,23.86,83.15,5.56,285.25,clay,rice
15,6,41,19.01,88.84,6.9,108.68,sandy loam,guinea_corn
83,58,45,25.76,83.52,5.88,245.66,clay,rice
27,62,24,28.63,66.77,7.35,62.27,sandy loam,cassava
68,57,43,26.09,80.38,5.71,182.9,clay,rice
18,21,35,23.28,94.94,6.37,111.14,sandy loam,guinea_corn
84,57,25,22.54,67.99,6.49,64.41,sandy loam,maize
85,58,41,21.77,80.32,7.04,226.66,clay,rice
61,44,17,26.1,71.57,6.93,102.27,sandy loam,maize
114,8,52,29.34,94.55,6.42,28.23,sandy loam,tomatoes
100,6,53,29.05,93.92,6.11,23.67,sandy loam,tomatoes
27,59,22,21.81,23.21,5.79,130.06,clay,beans
86,18,45,28.97,90.72,6.57,22.26,sandy loam,tomatoes
67,47,44,26.73,81.79,7.87,280.4,clay,rice
19,7,10,14.78,91.22,6.12,100.2,loamy,orange
12,20,10,24.45,93.11,6.53,109.47,loamy,orange
21,39,20,28.14,82.12,7.06,46.76,loamy,yam
1,62,23,15.44,18.37,5.61,139.03,clay,beans
116,25,50,29.26,92.92,6.09,28.71,sandy loam,tomatoes
48,65,78,17.44,14.34,7.86,73.09,loamy,soybean
34,9,36,22.81,86.34,6.28,110.44,sandy loam,guinea_corn
109,21,55,24.9,89.74,6.77,57.45,loamy clay ,pepper
18,12,8,12.59,91.82,6.21,119.39,loamy,orange
86,37,16,20.52,59.21,5.56,67.61,sandy loam,maize
83,22,54,25.9,81.97,6.28,54.5,loamy clay ,pepper
25,17,40,18.91,87.75,6.61,111.28,sandy loam,guinea_corn
118,18,52,28.05,90.83,6.56,20.76,sandy loam,tomatoes
20,20,10,11.87,93.68,6.98,106.06,loamy,orange
85,37,39,24.53,82.74,6.36,224.68,clay,rice
0,55,22,22.99,20.58,5.92,143.86,clay,beans
95,7,45,27.3,90.8,6.03,25.09,sandy loam,tomatoes
12,20,39,19.86,86.2,6.03,111.02,sandy loam,guinea_corn
35,72,21,34.04,64.29,7.74,66.86,sandy loam,cassava
119,30,49,25.36,80.46,6.9,47.72,loamy clay ,pepper
7,63,24,22.95,24.04,5.86,107.73,clay,beans
37,6,13,26.03,91.51,7.51,101.28,loamy,orange
116,25,50,29.26,92.92,6.09,28.71,sandy loam,tomatoes
26,80,83,17.08,16.15,7.53,71.31,loamy,soybean
10,59,15,29.83,89.3,6.32,58.87,loamy,yam
99,6,45,26.13,86.55,6.0,40.71,loamy clay ,pepper
44,76,22,27.26,68.01,7.78,68.92,sandy loam,cassava
19,65,25,18.1,18.29,5.63,144.79,clay,beans
95,12,46,26.22,81.01,6.32,54.65,loamy clay ,pepper
82,20,54,29.34,90.02,6.54,21.45,sandy loam,tomatoes
52,68,78,17.49,16.96,6.9,86.05,loamy,soybean
19,65,25,18.1,18.29,5.63,144.79,clay,beans
72,60,25,18.53,69.03,5.77,88.1,sandy loam,maize
71,60,22,26.07,59.37,6.2,85.76,sandy loam,maize
92,60,23,18.67,71.52,5.72,69.93,sandy loam,maize
31,79,25,23.19,22.31,5.9,63.38,clay,beans
42,73,25,34.04,67.21,6.5,73.24,sandy loam,cassava
27,63,19,20.93,21.19,5.56,133.19,clay,beans
45,61,78,19.49,16.06,6.49,81.53,loamy,soybean
120,16,51,28.0,91.64,6.55,23.29,sandy loam,tomatoes
89,11,47,29.79,94.65,6.33,27.87,sandy loam,tomatoes
117,24,53,29.17,92.21,6.29,21.3,sandy loam,tomatoes
53,65,76,20.19,16.42,6.72,77.34,loamy,soybean
32,25,9,10.36,93.76,7.8,101.15,loamy,orange
71,52,18,25.11,55.98,5.79,78.16,sandy loam,maize
95,39,36,23.86,83.15,5.56,285.25,clay,rice
11,61,21,18.62,23.02,5.53,135.34,clay,beans
27,72,23,19.93,21.8,5.96,64.03,clay,beans
31,75,18,15.47,21.44,5.82,88.89,clay,beans
37,55,82,19.46,18.02,6.42,78.45,loamy,soybean
95,16,46,27.08,90.14,6.75,24.45,sandy loam,tomatoes
16,10,41,24.77,85.64,6.74,105.76,sandy loam,guinea_corn
8,28,37,23.88,86.21,6.08,108.31,sandy loam,guinea_corn
60,38,17,18.42,64.24,6.47,76.41,sandy loam,maize
93,41,17,25.62,66.5,6.05,105.47,sandy loam,maize
85,27,45,26.07,88.73,6.47,57.8,loamy clay ,pepper
81,25,49,29.87,93.25,6.08,26.26,sandy loam,tomatoes
114,8,50,24.75,88.31,6.58,57.96,loamy clay ,pepper
34,59,18,23.38,21.99,5.74,87.67,clay,beans
32,57,18,15.54,23.76,5.7,107.39,clay,beans
15,11,38,23.13,92.68,6.63,109.39,sandy loam,guinea_corn
93,56,42,23.86,82.23,7.38,195.09,clay,rice
4,36,22,27.61,86.13,7.01,43.8,loamy,yam
31,70,77,20.89,14.32,6.49,90.46,loamy,soybean
40,64,16,16.43,24.24,5.93,140.37,clay,beans
5,18,14,33.11,93.48,7.43,119.17,loamy,orange
5,21,38,22.43,90.34,6.11,112.46,sandy loam,guinea_corn
27,13,6,13.36,91.36,7.34,111.23,loamy,orange
16,75,21,18.51,23.62,5.68,87.05,clay,beans
100,17,48,29.73,94.3,6.37,26.52,sandy loam,tomatoes
25,70,16,19.63,18.91,5.76,106.36,clay,beans
31,79,75,18.82,16.11,8.2,89.73,loamy,soybean
4,18,37,22.92,85.41,7.13,106.28,sandy loam,guinea_corn
109,12,48,29.46,92.13,6.71,20.76,sandy loam,tomatoes
77,36,23,24.71,56.73,6.65,88.45,sandy loam,maize
35,69,23,16.79,24.97,5.58,75.45,clay,beans
20,60,78,18.17,14.7,6.36,90.78,loamy,soybean
5,65,16,21.33,18.49,5.87,109.1,clay,beans
101,25,52,29.1,94.22,6.75,22.52,sandy loam,tomatoes
89,60,17,25.38,57.21,5.98,101.7,sandy loam,maize
10,56,16,28.17,81.05,6.83,36.36,loamy,yam
32,57,22,28.69,87.5,6.77,44.57,loamy,yam
88,46,42,22.68,83.46,6.6,194.27,clay,rice
26,11,11,13.7,90.96,7.61,106.29,loamy,orange
23,30,44,20.94,85.43,6.12,103.03,sandy loam,guinea_corn
42,74,83,19.26,14.28,7.55,65.78,loamy,soybean
89,60,17,25.38,57.21,5.98,101.7,sandy loam,maize
87,54,20,25.62,63.47,6.58,108.83,sandy loam,maize
102,28,54,25.16,80.28,6.86,55.5,loamy clay ,pepper
113,20,48,27.47,94.88,6.44,27.28,sandy loam,tomatoes
24,18,6,26.57,94.45,6.29,116.38,loamy,orange
55,67,16,34.37,69.69,6.6,70.27,sandy loam,cassava
61,44,17,26.1,71.57,6.93,102.27,sandy loam,maize
9,69,20,19.31,23.96,5.59,129.34,clay,beans
3,77,25,24.85,22.89,5.61,62.21,clay,beans
109,10,53,26.82,87.83,6.55,46.06,loamy clay ,pepper
20,72,19,32.48,64.35,7.4,65.82,sandy loam,cassava
12,29,13,22.46,91.53,7.57,118.01,loamy,orange
98,22,47,29.07,91.92,6.34,28.84,sandy loam,tomatoes
85,58,41,21.77,80.32,7.04,226.66,clay,rice
74,39,23,22.63,65.77,6.78,88.17,sandy loam,maize
19,65,25,18.1,18.29,5.63,144.79,clay,beans
12,8,10,16.15,91.44,8.0,107.43,loamy,orange
27,56,20,19.26,20.51,5.54,94.95,clay,beans
111,5,55,26.28,84.42,6.52,50.79,loamy clay ,pepper
53,73,77,19.71,18.1,7.33,73.64,loamy,soybean
19,17,39,24.72,85.56,6.73,111.28,sandy loam,guinea_corn
17,77,23,24.51,20.82,5.67,64.19,clay,beans
36,24,41,24.94,94.26,7.01,103.88,sandy loam,guinea_corn
100,10,53,24.54,84.61,6.21,42.01,loamy clay ,pepper
27,62,77,18.2,14.71,6.58,70.18,loamy,soybean
11,18,42,21.58,94.88,5.94,102.86,sandy loam,guinea_corn
20,7,45,18.91,89.24,6.08,112.48,sandy loam,guinea_corn
82,13,52,27.12,94.87,6.44,26.52,sandy loam,tomatoes
38,62,25,32.75,67.78,7.45,63.38,sandy loam,cassava
44,74,85,20.19,19.64,7.15,78.26,loamy,soybean
61,44,17,26.1,71.57,6.93,102.27,sandy loam,maize
79,51,16,25.34,68.5,6.59,96.46,sandy loam,maize
24,67,22,20.12,22.9,5.62,104.63,clay,beans
76,60,39,20.05,80.35,6.77,208.58,clay,rice
47,80,77,17.18,16.43,7.56,72.85,loamy,soybean
27,73,79,19.16,15.84,7.35,82.7,loamy,soybean
37,6,13,26.03,91.51,7.51,101.28,loamy,orange
8,7,10,28.26,91.98,6.93,105.21,loamy,orange
100,14,49,29.49,91.08,6.37,26.02,sandy loam,tomatoes
112,25,51,25.05,85.57,6.93,56.72,loamy clay ,pepper
38,21,35,20.34,89.38,5.84,110.97,sandy loam,guinea_corn
20,8,12,25.3,94.96,7.26,117.97,loamy,orange
4,20,41,24.27,93.8,6.54,104.54,sandy loam,guinea_corn
86,55,21,21.54,59.64,6.8,109.75,sandy loam,maize
105,30,50,25.3,81.78,6.38,57.04,loamy clay ,pepper
40,51,17,28.66,86.12,6.86,50.02,loamy,yam
25,65,21,33.86,68.59,6.88,69.24,sandy loam,cassava
33,75,84,19.46,18.73,7.22,68.81,loamy,soybean
75,53,18,20.69,59.44,6.86,103.65,sandy loam,maize
101,11,51,25.51,84.24,6.79,44.21,loamy clay ,pepper
99,6,45,26.13,86.55,6.0,40.71,loamy clay ,pepper
94,53,40,20.28,82.89,5.72,241.97,clay,rice
15,6,41,19.01,88.84,6.9,108.68,sandy loam,guinea_corn
35,57,83,19.48,17.45,7.48,80.5,loamy,soybean
31,11,45,24.84,86.89,6.03,107.64,sandy loam,guinea_corn
6,37,17,28.09,80.35,6.76,38.14,loamy,yam
66,53,19,23.09,60.12,6.03,65.5,sandy loam,maize
42,79,85,17.22,15.82,6.13,76.58,loamy,soybean
68,58,38,23.22,83.03,6.34,221.21,clay,rice
34,11,10,31.75,94.6,7.36,115.2,loamy,orange
30,20,38,22.6,93.16,7.06,110.09,sandy loam,guinea_corn
99,39,18,19.2,68.31,6.11,87.85,sandy loam,maize
12,63,17,18.36,19.38,5.72,138.41,clay,beans
119,7,55,26.04,84.64,6.03,44.4,loamy clay ,pepper
37,56,25,22.06,19.6,5.77,126.73,clay,beans
37,56,25,22.06,19.6,5.77,126.73,clay,beans
79,59,17,20.38,63.74,6.64,108.51,sandy loam,maize
67,43,39,26.04,84.97,6.0,186.75,clay,rice
31,48,17,28.88,86.94,6.59,53.8,loamy,yam
43,68,20,29.58,66.18,7.5,69.44,sandy loam,cassava
62,42,36,22.78,82.07,6.43,248.72,clay,rice
38,60,76,18.65,17.81,8.87,77.93,loamy,soybean
18,21,35,23.28,94.94,6.37,111.14,sandy loam,guinea_corn
20,79,77,18.55,16.03,7.65,76.33,loamy,soybean
79,51,16,25.34,68.5,6.59,96.46,sandy loam,maize
39,58,85,17.89,15.41,6.0,68.55,loamy,soybean
105,14,50,26.21,87.69,6.42,59.66,loamy clay ,pepper
105,14,50,26.21,87.69,6.42,59.66,loamy clay ,pepper
28,66,23,21.54,24.25,6.0,120.69,clay,beans
21,44,18,27.07,86.9,7.13,50.47,loamy,yam
25,17,40,18.91,87.75,6.61,111.28,sandy loam,guinea_corn
60,61,78,20.71,19.84,6.32,94.04,loamy,soybean
77,58,19,22.81,56.51,5.79,101.6,sandy loam,maize
85,25,47,26.11,87.64,6.3,58.48,loamy clay ,pepper
99,36,20,20.58,65.35,6.67,78.35,sandy loam,maize
21,38,21,29.76,86.45,6.64,37.55,loamy,yam
21,51,15,29.36,89.19,6.68,48.3,loamy,yam
37,24,13,19.14,90.71,7.85,108.02,loamy,orange
42,62,75,18.18,18.9,7.01,81.85,loamy,soybean
10,5,42,20.24,91.09,6.89,109.25,sandy loam,guinea_corn
95,16,46,27.08,90.14,6.75,24.45,sandy loam,tomatoes
119,25,51,26.47,80.92,6.28,53.66,loamy clay ,pepper
18,23,44,23.71,89.62,6.18,105.65,sandy loam,guinea_corn
91,35,39,23.79,80.42,6.97,206.26,clay,rice
69,55,38,22.71,82.64,5.7,271.32,clay,rice
78,58,44,26.8,80.89,5.11,284.44,clay,rice
20,29,10,29.07,93.27,7.37,100.79,loamy,orange
31,40,22,29.41,86.16,6.37,53.35,loamy,yam
3,9,45,23.89,89.62,6.54,104.62,sandy loam,guinea_corn
20,23,11,31.85,90.12,6.41,109.95,loamy,orange
120,20,45,25.67,88.7,6.11,54.23,loamy clay ,pepper
56,75,15,30.2,60.07,7.15,66.37,sandy loam,cassava
5,59,15,18.87,20.18,5.97,134.18,clay,beans
31,25,38,24.96,92.41,6.5,109.42,sandy loam,guinea_corn
113,20,48,27.47,94.88,6.44,27.28,sandy loam,tomatoes
25,60,22,21.63,21.18,5.89,134.36,clay,beans
19,17,39,24.72,85.56,6.73,111.28,sandy loam,guinea_corn
82,43,38,23.29,81.43,5.11,242.32,clay,rice
1,27,36,23.99,93.34,5.68,104.99,sandy loam,guinea_corn
12,6,8,30.85,92.87,6.39,107.41,loamy,orange
37,56,25,22.06,19.6,5.77,126.73,clay,beans
20,79,77,18.55,16.03,7.65,76.33,loamy,soybean
51,72,75,18.89,14.99,7.1,80.11,loamy,soybean
33,12,8,25.26,90.31,6.82,117.37,loamy,orange
9,77,17,20.12,24.45,5.78,106.16,clay,beans
35,64,15,28.47,63.54,6.5,69.53,sandy loam,cassava
111,6,53,26.49,88.59,6.31,46.06,loamy clay ,pepper
34,60,23,20.13,24.97,5.66,100.05,clay,beans
98,26,52,27.34,90.7,6.15,28.69,sandy loam,tomatoes
85,52,45,26.31,82.37,7.22,265.54,clay,rice
52,71,16,27.74,68.54,7.08,71.79,sandy loam,cassava
7,16,9,18.88,92.04,7.81,114.67,loamy,orange
76,39,24,24.25,55.65,7.0,64.24,sandy loam,maize
77,38,36,21.87,80.19,5.95,224.56,clay,rice
40,64,16,16.43,24.24,5.93,140.37,clay,beans
49,71,76,19.71,17.64,6.61,85.58,loamy,soybean
84,57,25,22.54,67.99,6.49,64.41,sandy loam,maize
89,22,52,24.9,86.11,6.22,53.15,loamy clay ,pepper
76,57,18,18.98,74.53,6.09,94.26,sandy loam,maize
85,58,41,21.77,80.32,7.04,226.66,clay,rice
14,37,15,27.96,83.98,6.58,48.94,loamy,yam
14,67,22,23.83,24.75,5.62,84.64,clay,beans
35,41,18,28.71,81.59,6.71,59.87,loamy,yam
12,6,8,30.85,92.87,6.39,107.41,loamy,orange
25,71,24,28.5,60.45,7.19,74.92,sandy loam,cassava
52,60,79,19.45,18.23,8.38,75.63,loamy,soybean
33,60,15,28.95,81.67,6.51,56.51,loamy,yam
114,30,51,29.25,90.07,6.07,25.93,sandy loam,tomatoes
72,60,25,18.53,69.03,5.77,88.1,sandy loam,maize
33,80,22,28.57,65.72,6.59,70.09,sandy loam,cassava
31,75,18,15.47,21.44,5.82,88.89,clay,beans
13,23,6,23.96,90.26,7.37,102.7,loamy,orange
75,54,36,26.29,84.57,7.02,257.49,clay,rice
99,39,18,19.2,68.31,6.11,87.85,sandy loam,maize
4,6,7,23.01,91.12,6.71,112.67,loamy,orange
30,44,16,29.73,82.89,6.44,50.92,loamy,yam
40,18,43,19.39,86.79,5.77,109.91,sandy loam,guinea_corn
12,29,40,19.68,89.75,6.59,111.28,sandy loam,guinea_corn
9,8,40,22.49,89.92,6.55,111.66,sandy loam,guinea_corn
29,22,40,23.63,89.73,6.15,107.68,sandy loam,guinea_corn
27,56,20,19.26,20.51,5.54,94.95,clay,beans
17,64,17,21.02,24.94,5.66,124.61,clay,beans
97,25,50,26.22,80.9,6.09,49.09,loamy clay ,pepper
41,74,18,28.76,61.03,6.6,73.38,sandy loam,cassava
20,27,41,20.51,92.52,5.7,110.58,sandy loam,guinea_corn
92,7,48,26.28,86.63,6.96,54.39,loamy clay ,pepper
12,8,10,16.15,91.44,8.0,107.43,loamy,orange
71,46,40,20.28,82.12,7.24,191.95,clay,rice
87,6,45,29.83,90.79,6.4,22.84,sandy loam,tomatoes
0,55,22,22.99,20.58,5.92,143.86,clay,beans
43,66,79,19.46,15.23,7.98,74.59,loamy,soybean
36,43,22,27.83,87.17,6.39,58.37,loamy,yam
110,28,46,24.29,88.05,6.5,51.26,loamy clay ,pepper
93,56,42,23.86,82.23,7.38,195.09,clay,rice
60,61,78,20.71,19.84,6.32,94.04,loamy,soybean
99,29,55,29.19,91.46,6.66,26.48,sandy loam,tomatoes
19,39,17,29.28,81.8,6.89,44.47,loamy,yam
15,11,38,23.13,92.68,6.63,109.39,sandy loam,guinea_corn
11,18,42,21.58,94.88,5.94,102.86,sandy loam,guinea_corn
61,44,17,26.1,71.57,6.93,102.27,sandy loam,maize
114,30,51,29.25,90.07,6.07,25.93,sandy loam,tomatoes
40,9,41,24.38,85.4,5.78,106.13,sandy loam,guinea_corn
18,27,41,22.37,92.31,7.18,104.82,sandy loam,guinea_corn
83,23,55,26.9,83.89,6.46,43.97,loamy clay ,pepper
53,65,76,20.19,16.42,6.72,77.34,loamy,soybean
3,26,39,24.38,91.19,7.08,103.6,sandy loam,guinea_corn
39,37,15,29.0,83.79,6.82,59.84,loamy,yam
76,39,24,24.25,55.65,7.0,64.24,sandy loam,maize
66,44,20,19.08,69.02,6.74,80.73,sandy loam,maize
36,68,20,17.06,23.77,5.86,81.83,clay,beans
37,24,13,19.14,90.71,7.85,108.02,loamy,orange
69,55,38,22.71,82.64,5.7,271.32,clay,rice
20,27,41,20.51,92.52,5.7,110.58,sandy loam,guinea_corn
111,15,54,27.71,92.91,6.19,22.06,sandy loam,tomatoes
11,72,20,19.52,24.93,5.95,113.33,clay,beans
29,68,23,24.16,19.28,5.83,116.73,clay,beans
111,6,53,26.49,88.59,6.31,46.06,loamy clay ,pepper
5,24,40,24.69,93.87,6.3,104.67,sandy loam,guinea_corn
11,14,5,11.5,94.89,6.95,115.57,loamy,orange
80,26,55,24.53,88.99,6.14,49.12,loamy clay ,pepper
23,72,84,19.02,17.13,6.92,79.93,loamy,soybean
25,70,16,19.63,18.91,5.76,106.36,clay,beans
90,49,21,24.84,68.36,6.47,74.05,sandy loam,maize
51,72,75,18.89,14.99,7.1,80.11,loamy,soybean
63,35,16,22.03,65.36,6.27,83.73,sandy loam,maize
57,57,75,17.09,18.25,7.79,87.27,loamy,soybean
111,6,53,26.49,88.59,6.31,46.06,loamy clay ,pepper
26,80,83,17.08,16.15,7.53,71.31,loamy,soybean
22,79,17,21.42,20.4,5.91,116.52,clay,beans
34,59,18,23.38,21.99,5.74,87.67,clay,beans
21,72,17,31.52,66.56,7.58,61.71,sandy loam,cassava
7,16,9,18.88,92.04,7.81,114.67,loamy,orange
95,55,42,26.8,82.15,5.95,193.35,clay,rice
7,79,23,19.64,19.69,5.82,96.66,clay,beans
40,27,45,21.66,94.79,5.89,112.43,sandy loam,guinea_corn
21,51,15,29.36,89.19,6.68,48.3,loamy,yam
98,26,52,27.34,90.7,6.15,28.69,sandy loam,tomatoes
88,46,42,22.68,83.46,6.6,194.27,clay,rice
101,11,51,25.51,84.24,6.79,44.21,loamy clay ,pepper
99,6,45,26.13,86.55,6.0,40.71,loamy clay ,pepper
20,79,77,18.55,16.03,7.65,76.33,loamy,soybean
116,5,54,25.38,80.99,6.65,57.23,loamy clay ,pepper
96,46,22,20.58,69.0,6.5,66.29,sandy loam,maize
20,72,19,32.48,64.35,7.4,65.82,sandy loam,cassava
97,22,50,26.26,86.15,6.77,58.98,loamy clay ,pepper
33,80,22,28.57,65.72,6.59,70.09,sandy loam,cassava
32,18,13,13.84,91.75,6.04,107.99,loamy,orange
88,35,40,23.58,83.59,5.85,291.3,clay,rice
113,28,48,28.88,92.49,6.17,24.44,sandy loam,tomatoes
76,49,42,24.96,84.48,5.21,196.96,clay,rice
22,60,85,18.84,14.74,6.81,94.78,loamy,soybean
0,12,7,20.18,90.65,6.97,116.81,loamy,orange
81,6,55,24.89,85.87,6.11,51.71,loamy clay ,pepper
90,15,52,27.05,91.38,6.45,23.66,sandy loam,tomatoes
9,77,17,20.12,24.45,5.78,106.16,clay,beans
53,73,77,19.71,18.1,7.33,73.64,loamy,soybean
95,7,45,27.3,90.8,6.03,25.09,sandy loam,tomatoes
71,52,18,25.11,55.98,5.79,78.16,sandy loam,maize
92,44,16,18.88,65.77,6.08,94.76,sandy loam,maize
52,70,16,33.67,66.6,7.53,67.33,sandy loam,cassava
81,16,45,26.9,86.25,6.73,59.76,loamy clay ,pepper
31,5,14,17.67,91.7,6.58,110.69,loamy,orange
37,6,13,26.03,91.51,7.51,101.28,loamy,orange
12,6,8,30.85,92.87,6.39,107.41,loamy,orange
66,53,19,23.09,60.12,6.03,65.5,sandy loam,maize
40,22,6,24.54,91.91,6.49,115.98,loamy,orange
35,69,23,16.79,24.97,5.58,75.45,clay,beans
110,7,45,26.64,84.7,6.19,48.32,loamy clay ,pepper
44,74,85,20.19,19.64,7.15,78.26,loamy,soybean
40,78,20,19.19,20.83,5.67,80.15,clay,beans
37,64,22,17.48,18.83,5.95,121.94,clay,beans
34,47,19,27.31,85.45,6.57,53.15,loamy,yam
5,59,15,18.87,20.18,5.97,134.18,clay,beans
13,60,25,17.14,20.61,5.69,128.26,clay,beans
83,57,19,25.73,70.75,6.88,98.74,sandy loam,maize
29,76,15,28.54,64.2,7.03,69.69,sandy loam,cassava
22,37,20,27.63,86.49,6.61,39.26,loamy,yam
81,25,49,29.87,93.25,6.08,26.26,sandy loam,tomatoes
43,66,79,19.46,15.23,7.98,74.59,loamy,soybean
119,19,55,25.19,83.45,6.82,46.87,loamy clay ,pepper
81,49,20,18.04,60.61,5.51,104.23,sandy loam,maize
99,41,36,24.46,82.75,6.74,182.56,clay,rice
20,8,12,25.3,94.96,7.26,117.97,loamy,orange
35,52,19,27.11,89.9,6.7,37.46,loamy,yam
101,17,47,29.49,94.73,6.19,26.31,sandy loam,tomatoes
41,62,15,29.38,64.15,7.36,65.24,sandy loam,cassava
11,72,20,19.52,24.93,5.95,113.33,clay,beans
7,79,23,19.64,19.69,5.82,96.66,clay,beans
104,23,47,26.98,86.7,6.77,42.91,loamy clay ,pepper
89,60,19,25.19,66.69,5.91,78.07,sandy loam,maize
9,77,17,20.12,24.45,5.78,106.16,clay,beans
4,24,43,22.4,88.15,7.2,109.87,sandy loam,guinea_corn
66,53,19,23.09,60.12,6.03,65.5,sandy loam,maize
61,44,17,26.1,71.57,6.93,102.27,sandy loam,maize
72,60,25,18.53,69.03,5.77,88.1,sandy loam,maize
78,58,15,25.01,67.82,6.53,62.91,sandy loam,maize
23,5,44,21.21,94.26,7.16,107.57,sandy loam,guinea_corn
83,25,53,26.49,80.05,6.06,57.73,loamy clay ,pepper
28,80,17,19.62,18.67,5.81,144.16,clay,beans
14,59,15,21.35,22.91,5.78,146.45,clay,beans
22,26,38,22.92,85.13,6.99,110.24,sandy loam,guinea_corn
101,17,47,29.49,94.73,6.19,26.31,sandy loam,tomatoes
115,17,55,27.58,94.12,6.78,28.08,sandy loam,tomatoes
85,25,47,26.11,87.64,6.3,58.48,loamy clay ,pepper
9,8,15,14.34,94.36,7.99,110.22,loamy,orange
31,53,16,28.74,85.82,6.45,48.55,loamy,yam
120,8,46,29.56,90.71,6.73,28.37,sandy loam,tomatoes
91,36,45,24.44,82.45,5.95,267.98,clay,rice
8,25,36,19.91,94.95,6.83,104.03,sandy loam,guinea_corn
119,19,55,25.19,83.45,6.82,46.87,loamy clay ,pepper
36,24,41,24.94,94.26,7.01,103.88,sandy loam,guinea_corn
71,52,18,25.11,55.98,5.79,78.16,sandy loam,maize
5,15,38,18.26,88.17,5.71,108.08,sandy loam,guinea_corn
23,57,19,32.84,68.0,7.25,73.4,sandy loam,cassava
15,6,41,19.01,88.84,6.9,108.68,sandy loam,guinea_corn
37,18,39,24.15,94.51,6.42,110.23,sandy loam,guinea_corn
12,78,23,16.07,18.72,6.0,88.07,clay,beans
86,55,21,21.54,59.64,6.8,109.75,sandy loam,maize
52,68,78,17.49,16.96,6.9,86.05,loamy,soybean
40,73,20,21.59,20.32,5.81,61.14,clay,beans
15,6,41,19.01,88.84,6.9,108.68,sandy loam,guinea_corn
32,14,37,22.73,88.49,6.83,104.68,sandy loam,guinea_corn
13,47,20,29.22,87.94,6.54,43.14,loamy,yam
10,59,22,28.61,86.99,7.16,36.95,loamy,yam
49,69,82,18.32,15.36,6.26,81.79,loamy,soybean
110,21,54,26.74,87.82,6.75,47.46,loamy clay ,pepper
36,7,37,19.87,86.36,5.78,108.32,sandy loam,guinea_corn
4,59,25,27.69,81.94,6.23,54.62,loamy,yam
87,25,46,27.43,90.03,6.38,21.75,sandy loam,tomatoes
108,23,51,26.84,83.85,6.11,40.23,loamy clay ,pepper
21,6,41,24.88,89.4,7.09,107.2,sandy loam,guinea_corn
7,16,9,18.88,92.04,7.81,114.67,loamy,orange
4,67,25,23.79,24.36,5.95,119.64,clay,beans
29,36,25,28.29,88.44,7.13,48.57,loamy,yam
33,12,8,25.26,90.31,6.82,117.37,loamy,orange
89,60,17,25.38,57.21,5.98,101.7,sandy loam,maize
95,12,46,26.22,81.01,6.32,54.65,loamy clay ,pepper
119,9,50,26.75,83.92,6.25,40.79,loamy clay ,pepper
23,30,44,20.94,85.43,6.12,103.03,sandy loam,guinea_corn
1,27,36,23.99,93.34,5.68,104.99,sandy loam,guinea_corn
85,38,41,21.59,82.79,6.25,276.66,clay,rice
108,22,46,26.18,86.73,6.12,53.33,loamy clay ,pepper
34,35,21,28.45,82.68,6.68,58.19,loamy,yam
87,6,45,29.83,90.79,6.4,22.84,sandy loam,tomatoes
95,12,46,26.22,81.01,6.32,54.65,loamy clay ,pepper
20,45,22,29.59,89.99,6.9,54.96,loamy,yam
29,45,16,28.44,87.91,6.58,43.12,loamy,yam
93,56,42,23.86,82.23,7.38,195.09,clay,rice
9,8,40,22.49,89.92,6.55,111.66,sandy loam,guinea_corn
34,60,23,20.13,24.97,5.66,100.05,clay,beans
29,11,5,23.13,91.95,7.64,104.42,loamy,orange
6,48,24,28.64,84.61,6.79,48.48,loamy,yam
24,21,42,20.82,87.23,7.0,109.44,sandy loam,guinea_corn
63,42,21,23.26,72.33,5.8,67.1,sandy loam,maize
99,6,45,26.13,86.55,6.0,40.71,loamy clay ,pepper
6,18,37,19.66,89.94,5.94,108.05,sandy loam,guinea_corn
114,27,48,27.82,93.04,6.53,26.32,sandy loam,tomatoes
60,55,45,21.41,83.33,5.94,287.58,clay,rice
62,52,16,22.28,58.84,6.97,63.87,sandy loam,maize
112,25,51,25.05,85.57,6.93,56.72,loamy clay ,pepper
111,6,53,26.49,88.59,6.31,46.06,loamy clay ,pepper
20,8,12,25.3,94.96,7.26,117.97,loamy,orange
99,29,55,29.19,91.46,6.66,26.48,sandy loam,tomatoes
53,65,76,20.19,16.42,6.72,77.34,loamy,soybean
38,36,21,28.03,84.88,6.56,36.12,loamy,yam
89,54,38,24.52,83.54,6.69,230.45,clay,rice
81,53,42,23.68,81.04,5.18,233.7,clay,rice
14,19,14,17.68,94.36,6.7,108.06,loamy,orange
95,21,47,27.93,93.56,6.43,20.66,sandy loam,tomatoes
31,25,12,18.05,90.04,7.02,111.78,loamy,orange
59,70,84,17.33,18.75,7.55,82.62,loamy,soybean
81,45,35,26.53,80.12,6.16,218.92,clay,rice
64,35,23,23.02,61.89,5.68,63.04,sandy loam,maize
51,72,75,18.89,14.99,7.1,80.11,loamy,soybean
0,65,15,23.46,23.22,5.65,95.84,clay,beans
69,37,42,23.06,83.37,7.07,251.05,clay,rice
97,8,52,24.91,86.97,6.24,49.49,loamy clay ,pepper
89,45,36,21.33,80.47,6.44,185.5,clay,rice
103,16,49,24.07,81.64,6.92,51.75,loamy clay ,pepper
95,13,46,29.84,93.76,6.13,23.28,sandy loam,tomatoes
33,59,22,22.64,21.59,5.95,122.39,clay,beans
107,22,54,28.0,90.85,6.63,21.62,sandy loam,tomatoes
61,60,15,24.88,68.74,6.27,91.26,sandy loam,maize
107,22,54,28.0,90.85,6.63,21.62,sandy loam,tomatoes
117,27,48,26.53,82.39,6.84,54.31,loamy clay ,pepper
67,47,44,26.73,81.79,7.87,280.4,clay,rice
35,52,19,27.11,89.9,6.7,37.46,loamy,yam
0,23,15,22.57,93.37,7.6,109.86,loamy,orange
40,18,43,19.39,86.79,5.77,109.91,sandy loam,guinea_corn
72,60,25,18.53,69.03,5.77,88.1,sandy loam,maize
19,39,17,29.28,81.8,6.89,44.47,loamy,yam
87,21,52,27.35,94.29,6.07,27.21,sandy loam,tomatoes
29,16,36,19.81,88.93,5.74,102.86,sandy loam,guinea_corn
87,6,45,29.83,90.79,6.4,22.84,sandy loam,tomatoes
114,21,55,25.44,87.94,6.47,57.52,loamy clay ,pepper
35,69,23,16.79,24.97,5.58,75.45,clay,beans
73,58,21,19.97,57.68,6.6,60.65,sandy loam,maize
23,39,22,29.26,81.98,6.86,42.02,loamy,yam
89,45,36,21.33,80.47,6.44,185.5,clay,rice
60,55,45,21.41,83.33,5.94,287.58,clay,rice
60,49,44,20.78,84.5,6.24,240.08,clay,rice
47,80,77,17.18,16.43,7.56,72.85,loamy,soybean
79,42,37,24.87,82.84,6.59,295.61,clay,rice
21,6,41,24.88,89.4,7.09,107.2,sandy loam,guinea_corn
76,48,18,19.3,69.63,5.78,83.21,sandy loam,maize
81,53,42,23.68,81.04,5.18,233.7,clay,rice
86,55,21,21.54,59.64,6.8,109.75,sandy loam,maize
44,63,15,26.42,64.51,7.34,63.47,sandy loam,cassava
106,21,52,28.9,94.79,6.29,23.04,sandy loam,tomatoes
20,79,77,18.55,16.03,7.65,76.33,loamy,soybean
3,9,45,23.89,89.62,6.54,104.62,sandy loam,guinea_corn
8,45,18,27.93,85.42,7.01,43.25,loamy,yam
102,28,54,25.16,80.28,6.86,55.5,loamy clay ,pepper
6,9,12,31.08,90.14,7.03,109.69,loamy,orange
18,12,8,12.59,91.82,6.21,119.39,loamy,orange
96,46,22,20.58,69.0,6.5,66.29,sandy loam,maize
51,72,75,18.89,14.99,7.1,80.11,loamy,soybean
36,11,13,17.34,93.05,7.19,112.72,loamy,orange
84,7,51,26.82,87.66,6.4,55.74,loamy clay ,pepper
57,73,85,18.49,14.72,7.36,91.95,loamy,soybean
95,39,36,23.86,83.15,5.56,285.25,clay,rice
15,9,11,11.55,94.15,7.91,108.83,loamy,orange
16,75,21,18.51,23.62,5.68,87.05,clay,beans
106,10,49,27.73,92.01,6.35,20.21,sandy loam,tomatoes
58,79,17,27.25,66.1,7.04,62.32,sandy loam,cassava
2,61,20,22.14,23.02,5.96,76.64,clay,beans
34,66,17,18.81,21.28,5.89,125.08,clay,beans
79,42,37,24.87,82.84,6.59,295.61,clay,rice
31,5,14,17.67,91.7,6.58,110.69,loamy,orange
5,21,38,22.43,90.34,6.11,112.46,sandy loam,guinea_corn
5,24,40,24.69,93.87,6.3,104.67,sandy loam,guinea_corn
71,35,24,22.27,59.52,5.83,67.97,sandy loam,maize
93,20,50,29.93,93.23,6.45,24.35,sandy loam,tomatoes
97,36,45,22.23,81.86,6.94,278.08,clay,rice
100,6,53,29.05,93.92,6.11,23.67,sandy loam,tomatoes
74,35,40,26.49,80.16,6.98,242.86,clay,rice
68,40,19,26.14,66.21,6.66,107.24,sandy loam,maize
20,41,20,29.27,89.49,7.07,50.92,loamy,yam
24,18,6,26.57,94.45,6.29,116.38,loamy,orange
14,57,15,29.88,83.15,6.62,40.12,loamy,yam
28,58,81,17.48,16.54,6.18,93.35,loamy,soybean
13,30,37,20.86,91.62,6.28,106.87,sandy loam,guinea_corn
32,25,9,10.36,93.76,7.8,101.15,loamy,orange
81,45,35,26.53,80.12,6.16,218.92,clay,rice
99,29,55,29.19,91.46,6.66,26.48,sandy loam,tomatoes
107,22,54,28.0,90.85,6.63,21.62,sandy loam,tomatoes
60,36,43,23.43,83.06,5.29,219.9,clay,rice
4,44,19,27.96,83.53,6.92,43.26,loamy,yam
32,57,22,28.69,87.5,6.77,44.57,loamy,yam
69,55,38,22.71,82.64,5.7,271.32,clay,rice
44,63,15,26.42,64.51,7.34,63.47,sandy loam,cassava
9,8,15,14.34,94.36,7.99,110.22,loamy,orange
57,60,84,19.1,17.26,6.59,75.49,loamy,soybean
37,79,19,27.54,69.35,7.14,69.41,sandy loam,cassava
101,13,54,25.43,82.91,6.83,56.34,loamy clay ,pepper
51,72,75,18.89,14.99,7.1,80.11,loamy,soybean
25,70,16,19.63,18.91,5.76,106.36,clay,beans
76,60,39,20.05,80.35,6.77,208.58,clay,rice
34,71,79,17.93,15.86,7.73,74.64,loamy,soybean
32,57,22,28.69,87.5,6.77,44.57,loamy,yam
23,57,19,32.84,68.0,7.25,73.4,sandy loam,cassava
9,48,20,29.66,84.28,6.38,56.1,loamy,yam
95,13,46,29.84,93.76,6.13,23.28,sandy loam,tomatoes
120,7,47,24.25,83.04,6.65,54.77,loamy clay ,pepper
95,13,46,29.84,93.76,6.13,23.28,sandy loam,tomatoes
34,60,25,29.78,85.17,6.79,40.78,loamy,yam
8,54,20,28.33,80.77,7.03,38.8,loamy,yam
95,23,45,27.82,90.57,6.27,21.19,sandy loam,tomatoes
108,23,51,26.84,83.85,6.11,40.23,loamy clay ,pepper
31,55,22,22.91,21.34,5.87,109.23,clay,beans
115,12,52,27.51,94.96,6.69,21.02,sandy loam,tomatoes
112,28,54,24.86,85.05,6.74,55.3,loamy clay ,pepper
36,55,20,27.01,84.34,6.64,55.3,loamy,yam
71,35,24,22.27,59.52,5.83,67.97,sandy loam,maize
34,71,79,17.93,15.86,7.73,74.64,loamy,soybean
99,5,47,24.13,84.84,6.65,51.19,loamy clay ,pepper
60,55,44,23.0,82.32,7.84,263.96,clay,rice
24,42,23,28.22,82.36,6.43,44.01,loamy,yam
20,8,12,25.3,94.96,7.26,117.97,loamy,orange
85,21,47,29.87,90.61,6.19,24.7,sandy loam,tomatoes
25,71,24,28.5,60.45,7.19,74.92,sandy loam,cassava
30,20,38,22.6,93.16,7.06,110.09,sandy loam,guinea_corn
99,39,18,19.2,68.31,6.11,87.85,sandy loam,maize
25,65,21,33.86,68.59,6.88,69.24,sandy loam,cassava
40,64,16,16.43,24.24,5.93,140.37,clay,beans
7,79,23,19.64,19.69,5.82,96.66,clay,beans
22,54,20,28.56,83.64,6.69,41.01,loamy,yam
18,12,8,12.59,91.82,6.21,119.39,loamy,orange
26,18,42,19.73,89.65,6.91,108.23,sandy loam,guinea_corn
96,46,22,20.58,69.0,6.5,66.29,sandy loam,maize
71,54,16,22.61,63.69,5.75,87.76,sandy loam,maize
21,44,18,27.07,86.9,7.13,50.47,loamy,yam
97,22,50,26.26,86.15,6.77,58.98,loamy clay ,pepper
10,56,16,28.17,81.05,6.83,36.36,loamy,yam
27,65,18,20.11,23.22,5.6,73.36,clay,beans
87,6,45,29.83,90.79,6.4,22.84,sandy loam,tomatoes
23,39,22,29.26,81.98,6.86,42.02,loamy,yam
27,64,21,32.84,68.68,7.54,73.67,sandy loam,cassava
36,38,15,28.36,87.6,6.32,58.0,loamy,yam
31,5,14,17.67,91.7,6.58,110.69,loamy,orange
42,74,83,19.26,14.28,7.55,65.78,loamy,soybean
93,58,38,20.62,83.77,6.93,279.55,clay,rice
114,30,51,29.25,90.07,6.07,25.93,sandy loam,tomatoes
36,43,21,28.36,84.86,7.14,52.93,loamy,yam
37,6,13,26.03,91.51,7.51,101.28,loamy,orange
91,36,45,24.44,82.45,5.95,267.98,clay,rice
22,54,20,28.56,83.64,6.69,41.01,loamy,yam
5,23,15,25.67,92.05,7.41,112.54,loamy,orange
109,12,48,29.46,92.13,6.71,20.76,sandy loam,tomatoes
120,24,47,26.99,89.41,6.26,58.55,loamy clay ,pepper
23,57,19,32.84,68.0,7.25,73.4,sandy loam,cassava
33,37,19,27.93,86.55,7.18,43.48,loamy,yam
27,13,6,13.36,91.36,7.34,111.23,loamy,orange
82,25,51,24.31,87.47,6.07,48.11,loamy clay ,pepper
7,60,25,28.28,82.76,6.4,56.05,loamy,yam
9,8,15,14.34,94.36,7.99,110.22,loamy,orange
32,25,9,10.36,93.76,7.8,101.15,loamy,orange
5,13,37,22.34,89.79,5.65,103.32,sandy loam,guinea_corn
98,53,38,20.27,81.64,5.01,270.44,clay,rice
49,69,82,18.32,15.36,6.26,81.79,loamy,soybean
92,7,48,26.28,86.63,6.96,54.39,loamy clay ,pepper
87,25,46,27.43,90.03,6.38,21.75,sandy loam,tomatoes
32,71,85,20.63,14.44,6.4,92.07,loamy,soybean
105,14,50,26.21,87.69,6.42,59.66,loamy clay ,pepper
12,6,8,30.85,92.87,6.39,107.41,loamy,orange
19,78,16,20.65,23.11,5.97,67.72,clay,beans
19,7,10,14.78,91.22,6.12,100.2,loamy,orange
19,17,39,24.72,85.56,6.73,111.28,sandy loam,guinea_corn
32,71,85,20.63,14.44,6.4,92.07,loamy,soybean
25,62,21,26.73,68.14,7.04,67.15,sandy loam,cassava
107,22,54,28.0,90.85,6.63,21.62,sandy loam,tomatoes
24,55,78,17.3,15.15,6.65,75.58,loamy,soybean
59,69,80,19.08,17.87,8.17,69.41,loamy,soybean
110,25,54,28.91,90.78,6.43,23.44,sandy loam,tomatoes
39,28,10,31.35,91.48,7.18,109.15,loamy,orange
13,22,5,19.67,90.5,7.76,100.17,loamy,orange
39,24,14,30.55,90.9,7.19,106.07,loamy,orange
6,77,25,20.61,24.36,5.79,69.64,clay,beans
11,10,45,22.63,88.46,6.4,109.04,sandy loam,guinea_corn
90,15,52,27.05,91.38,6.45,23.66,sandy loam,tomatoes
88,35,40,23.58,83.59,5.85,291.3,clay,rice
99,41,36,24.46,82.75,6.74,182.56,clay,rice
5,65,16,21.33,18.49,5.87,109.1,clay,beans
20,69,15,23.44,22.77,5.93,107.41,clay,beans
30,65,25,32.89,64.59,7.71,71.51,sandy loam,cassava
83,29,52,25.76,87.59,6.7,46.05,loamy clay ,pepper
84,57,25,22.54,67.99,6.49,64.41,sandy loam,maize
8,16,6,12.23,90.26,7.11,108.42,loamy,orange
30,44,16,29.73,82.89,6.44,50.92,loamy,yam
48,61,21,30.28,61.69,6.63,65.63,sandy loam,cassava
34,60,23,20.13,24.97,5.66,100.05,clay,beans
18,23,8,21.49,93.44,6.41,101.48,loamy,orange
117,27,48,26.53,82.39,6.84,54.31,loamy clay ,pepper
27,62,77,18.2,14.71,6.58,70.18,loamy,soybean
18,74,15,24.9,22.28,5.71,146.47,clay,beans
87,60,23,20.27,63.91,6.44,62.5,sandy loam,maize
61,59,17,23.34,59.25,6.47,105.01,sandy loam,maize
31,48,17,28.88,86.94,6.59,53.8,loamy,yam
25,68,77,20.09,15.11,7.7,85.75,loamy,soybean
14,19,14,17.68,94.36,6.7,108.06,loamy,orange
91,55,15,18.09,72.61,6.38,78.96,sandy loam,maize
95,39,36,23.86,83.15,5.56,285.25,clay,rice
3,77,25,24.85,22.89,5.61,62.21,clay,beans
28,6,40,22.11,91.34,6.77,106.87,sandy loam,guinea_corn
22,79,17,21.42,20.4,5.91,116.52,clay,beans
25,78,76,17.48,15.76,7.23,66.97,loamy,soybean
22,9,44,24.72,88.88,5.74,112.19,sandy loam,guinea_corn
22,56,17,29.88,87.33,6.89,44.75,loamy,yam
36,65,80,18.29,16.68,6.05,74.87,loamy,soybean
37,78,79,19.95,14.83,7.79,88.68,loamy,soybean
91,7,52,25.08,83.46,6.41,56.4,loamy clay ,pepper
66,54,21,25.19,60.2,5.92,72.12,sandy loam,maize
7,60,25,28.28,82.76,6.4,56.05,loamy,yam
82,43,38,23.29,81.43,5.11,242.32,clay,rice
9,48,22,27.77,87.1,6.4,49.51,loamy,yam
12,29,40,19.68,89.75,6.59,111.28,sandy loam,guinea_corn
14,67,22,23.83,24.75,5.62,84.64,clay,beans
112,25,51,25.05,85.57,6.93,56.72,loamy clay ,pepper
1,62,23,15.44,18.37,5.61,139.03,clay,beans
5,65,16,21.33,18.49,5.87,109.1,clay,beans
37,6,13,26.03,91.51,7.51,101.28,loamy,orange
31,37,21,27.24,86.4,6.71,37.31,loamy,yam
27,63,19,20.93,21.19,5.56,133.19,clay,beans
73,58,21,19.97,57.68,6.6,60.65,sandy loam,maize
24,18,6,26.57,94.45,6.29,116.38,loamy,orange
26,80,83,17.08,16.15,7.53,71.31,loamy,soybean
13,22,5,19.67,90.5,7.76,100.17,loamy,orange
31,8,7,34.51,93.64,7.16,103.57,loamy,orange
53,65,76,20.19,16.42,6.72,77.34,loamy,soybean
80,16,46,25.5,81.4,6.94,48.48,loamy clay ,pepper
19,17,39,24.72,85.56,6.73,111.28,sandy loam,guinea_corn
23,30,44,20.94,85.43,6.12,103.03,sandy loam,guinea_corn
26,18,42,19.73,89.65,6.91,108.23,sandy loam,guinea_corn
36,68,20,17.06,23.77,5.86,81.83,clay,beans
24,67,22,20.12,22.9,5.62,104.63,clay,beans
22,72,85,18.87,15.66,6.39,88.51,loamy,soybean
43,79,79,19.41,18.98,7.81,80.25,loamy,soybean
32,60,83,19.69,19.44,8.83,91.76,loamy,soybean
37,74,15,24.92,18.23,5.58,62.71,clay,beans
31,26,9,11.7,93.26,7.57,103.2,loamy,orange
86,59,35,25.79,82.11,6.95,243.51,clay,rice
36,29,13,20.68,90.92,7.83,109.75,loamy,orange
101,11,51,25.51,84.24,6.79,44.21,loamy clay ,pepper
98,26,52,27.34,90.7,6.15,28.69,sandy loam,tomatoes
40,58,15,29.46,87.61,6.98,43.15,loamy,yam
39,76,76,19.97,15.57,6.14,69.16,loamy,soybean
11,14,5,11.5,94.89,6.95,115.57,loamy,orange
99,57,35,26.76,81.18,5.96,272.3,clay,rice
5,74,21,16.24,21.36,5.59,66.97,clay,beans
32,79,15,23.91,20.75,5.71,81.6,clay,beans
98,35,18,23.8,74.83,6.25,91.76,sandy loam,maize
34,60,25,29.78,85.17,6.79,40.78,loamy,yam
8,23,38,19.3,87.18,7.01,105.48,sandy loam,guinea_corn
25,70,16,19.63,18.91,5.76,106.36,clay,beans
110,22,47,29.03,91.82,6.24,24.94,sandy loam,tomatoes
37,18,12,10.27,90.19,7.4,106.7,loamy,orange
84,50,44,25.49,81.41,5.94,182.65,clay,rice
51,72,75,18.89,14.99,7.1,80.11,loamy,soybean
81,41,38,22.68,83.73,7.52,200.91,clay,rice
26,80,83,17.08,16.15,7.53,71.31,loamy,soybean
31,26,9,11.7,93.26,7.57,103.2,loamy,orange
19,78,16,20.65,23.11,5.97,67.72,clay,beans
99,29,55,29.19,91.46,6.66,26.48,sandy loam,tomatoes
39,28,10,31.35,91.48,7.18,109.15,loamy,orange
10,55,23,21.19,19.63,5.73,137.19,clay,beans
113,20,48,27.47,94.88,6.44,27.28,sandy loam,tomatoes
12,61,19,19.33,24.14,5.66,68.51,clay,beans
94,50,37,25.67,80.66,6.95,209.59,clay,rice
22,64,82,19.49,17.17,6.47,87.51,loamy,soybean
37,24,13,19.14,90.71,7.85,108.02,loamy,orange
59,60,84,19.03,18.67,7.69,94.71,loamy,soybean
4,59,25,27.69,81.94,6.23,54.62,loamy,yam
2,38,18,27.54,89.93,6.62,45.49,loamy,yam
83,58,45,25.76,83.52,5.88,245.66,clay,rice
35,69,23,16.79,24.97,5.58,75.45,clay,beans
3,9,45,23.89,89.62,6.54,104.62,sandy loam,guinea_corn
26,65,22,17.85,18.78,5.95,143.1,clay,beans
6,7,7,27.68,94.47,7.2,114.0,loamy,orange
99,6,45,26.13,86.55,6.0,40.71,loamy clay ,pepper
9,25,41,24.82,91.91,5.97,109.29,sandy loam,guinea_corn
22,54,20,28.56,83.64,6.69,41.01,loamy,yam
60,68,83,19.12,18.43,6.62,85.53,loamy,soybean
34,9,36,22.81,86.34,6.28,110.44,sandy loam,guinea_corn
34,60,23,20.13,24.97,5.66,100.05,clay,beans
21,17,15,23.98,91.55,7.46,118.49,loamy,orange
15,9,11,11.55,94.15,7.91,108.83,loamy,orange
98,53,38,20.27,81.64,5.01,270.44,clay,rice
91,24,55,26.27,83.09,6.26,46.77,loamy clay ,pepper
39,71,84,20.28,16.4,8.14,82.52,loamy,soybean
29,77,75,17.5,15.48,7.78,72.94,loamy,soybean
4,13,6,15.63,94.26,7.56,101.47,loamy,orange
98,26,49,27.29,90.53,6.13,23.5,sandy loam,tomatoes
86,18,45,28.97,90.72,6.57,22.26,sandy loam,tomatoes
34,66,19,32.97,60.18,7.59,73.45,sandy loam,cassava
94,50,37,25.67,80.66,6.95,209.59,clay,rice
8,23,38,19.3,87.18,7.01,105.48,sandy loam,guinea_corn
59,60,84,19.03,18.67,7.69,94.71,loamy,soybean
29,21,45,23.41,93.13,6.75,105.22,sandy loam,guinea_corn
40,29,42,24.63,89.02,7.1,110.7,sandy loam,guinea_corn
55,67,16,34.37,69.69,6.6,70.27,sandy loam,cassava
87,35,25,21.45,63.16,6.18,65.89,sandy loam,maize
17,77,24,20.77,18.93,5.57,109.02,clay,beans
39,71,84,20.28,16.4,8.14,82.52,loamy,soybean
6,48,24,28.64,84.61,6.79,48.48,loamy,yam
44,76,22,27.26,68.01,7.78,68.92,sandy loam,cassava
81,25,49,29.87,93.25,6.08,26.26,sandy loam,tomatoes
73,58,21,19.97,57.68,6.6,60.65,sandy loam,maize
7,20,12,16.53,94.77,6.48,110.04,loamy,orange
101,17,47,29.49,94.73,6.19,26.31,sandy loam,tomatoes
40,27,45,21.66,94.79,5.89,112.43,sandy loam,guinea_corn
86,37,16,20.52,59.21,5.56,67.61,sandy loam,maize
37,6,13,26.03,91.51,7.51,101.28,loamy,orange
8,54,20,28.33,80.77,7.03,38.8,loamy,yam
29,75,75,19.62,18.71,7.06,88.46,loamy,soybean
43,79,79,19.41,18.98,7.81,80.25,loamy,soybean
22,26,38,22.92,85.13,6.99,110.24,sandy loam,guinea_corn
115,12,52,27.51,94.96,6.69,21.02,sandy loam,tomatoes
89,25,54,24.69,85.57,6.35,48.99,loamy clay ,pepper
25,65,21,33.86,68.59,6.88,69.24,sandy loam,cassava
40,27,45,21.66,94.79,5.89,112.43,sandy loam,guinea_corn
60,38,17,18.42,64.24,6.47,76.41,sandy loam,maize
65,60,22,25.37,72.52,6.61,107.91,sandy loam,maize
24,42,23,28.22,82.36,6.43,44.01,loamy,yam
83,15,49,28.93,91.39,6.44,23.2,sandy loam,tomatoes
74,55,19,18.05,62.89,6.29,84.24,sandy loam,maize
53,73,77,19.71,18.1,7.33,73.64,loamy,soybean
58,71,15,27.83,67.59,6.92,74.01,sandy loam,cassava
37,65,16,22.84,18.97,5.68,63.59,clay,beans
21,38,21,29.76,86.45,6.64,37.55,loamy,yam
70,44,19,23.32,73.45,5.85,94.3,sandy loam,maize
119,25,51,26.47,80.92,6.28,53.66,loamy clay ,pepper
22,60,85,18.84,14.74,6.81,94.78,loamy,soybean
100,10,53,24.54,84.61,6.21,42.01,loamy clay ,pepper
23,5,44,21.21,94.26,7.16,107.57,sandy loam,guinea_corn
110,14,51,27.02,91.67,6.09,21.26,sandy loam,tomatoes
44,55,25,29.63,65.91,7.42,71.16,sandy loam,cassava
20,69,15,23.44,22.77,5.93,107.41,clay,beans
22,60,24,18.78,20.25,5.63,104.26,clay,beans
21,17,15,23.98,91.55,7.46,118.49,loamy,orange
20,29,10,29.07,93.27,7.37,100.79,loamy,orange
26,65,22,17.85,18.78,5.95,143.1,clay,beans
19,65,25,18.1,18.29,5.63,144.79,clay,beans
74,39,38,23.24,84.59,7.78,233.05,clay,rice
40,58,75,18.59,14.78,6.17,89.61,loamy,soybean
17,64,17,21.02,24.94,5.66,124.61,clay,beans
0,18,14,29.77,92.01,7.21,114.42,loamy,orange
84,50,44,25.49,81.41,5.94,182.65,clay,rice
49,55,78,18.66,16.18,7.86,81.71,loamy,soybean
62,52,16,22.28,58.84,6.97,63.87,sandy loam,maize
18,14,11,28.05,90.01,6.55,117.13,loamy,orange
85,9,53,28.21,92.87,6.45,28.79,sandy loam,tomatoes
23,30,44,20.94,85.43,6.12,103.03,sandy loam,guinea_corn
44,63,15,26.42,64.51,7.34,63.47,sandy loam,cassava
28,65,23,28.39,61.89,7.41,74.24,sandy loam,cassava
31,8,7,34.51,93.64,7.16,103.57,loamy,orange
6,62,22,20.53,18.09,5.82,120.45,clay,beans
32,60,83,19.69,19.44,8.83,91.76,loamy,soybean
30,64,20,33.86,61.57,6.57,68.02,sandy loam,cassava
33,80,22,28.57,65.72,6.59,70.09,sandy loam,cassava
7,16,9,18.88,92.04,7.81,114.67,loamy,orange
34,11,10,31.75,94.6,7.36,115.2,loamy,orange
40,9,41,24.38,85.4,5.78,106.13,sandy loam,guinea_corn
95,39,36,23.86,83.15,5.56,285.25,clay,rice
69,37,42,23.06,83.37,7.07,251.05,clay,rice
24,56,85,18.2,17.41,6.55,80.64,loamy,soybean
100,48,16,25.72,67.22,5.55,74.51,sandy loam,maize
37,49,25,29.91,85.85,6.42,41.39,loamy,yam
31,58,15,27.11,84.97,7.12,51.53,loamy,yam
68,57,43,26.09,80.38,5.71,182.9,clay,rice
37,62,17,25.69,69.84,7.12,74.62,sandy loam,cassava
25,70,16,19.63,18.91,5.76,106.36,clay,beans
34,60,16,31.36,64.25,7.32,63.86,sandy loam,cassava
83,58,45,25.76,83.52,5.88,245.66,clay,rice
34,29,8,31.88,91.15,6.45,105.34,loamy,orange
13,8,12,25.16,92.55,7.11,114.31,loamy,orange
2,24,38,24.56,91.64,5.92,111.97,sandy loam,guinea_corn
37,24,13,19.14,90.71,7.85,108.02,loamy,orange
83,41,43,21.05,82.68,6.25,233.11,clay,rice
35,41,18,28.71,81.59,6.71,59.87,loamy,yam
20,8,12,25.3,94.96,7.26,117.97,loamy,orange
34,60,22,17.66,18.15,5.64,100.67,clay,beans
26,27,10,28.07,92.91,6.08,114.13,loamy,orange
79,43,39,21.67,80.71,7.06,210.81,clay,rice
9,16,36,23.78,92.93,5.89,106.98,sandy loam,guinea_corn
37,6,13,26.03,91.51,7.51,101.28,loamy,orange
9,16,39,18.41,91.12,6.1,105.18,sandy loam,guinea_corn
36,76,75,18.38,16.64,8.74,70.52,loamy,soybean
13,7,43,18.2,91.12,7.01,109.66,sandy loam,guinea_corn
109,12,48,29.46,92.13,6.71,20.76,sandy loam,tomatoes
111,5,50,27.59,91.8,6.4,24.84,sandy loam,tomatoes
28,46,16,29.01,84.96,6.66,45.91,loamy,yam
95,7,45,27.3,90.8,6.03,25.09,sandy loam,tomatoes
0,12,7,20.18,90.65,6.97,116.81,loamy,orange
11,10,45,22.63,88.46,6.4,109.04,sandy loam,guinea_corn
35,52,19,27.11,89.9,6.7,37.46,loamy,yam
34,47,19,27.31,85.45,6.57,53.15,loamy,yam
12,61,19,19.33,24.14,5.66,68.51,clay,beans
74,35,40,26.49,80.16,6.98,242.86,clay,rice
28,46,16,29.01,84.96,6.66,45.91,loamy,yam
82,20,54,29.34,90.02,6.54,21.45,sandy loam,tomatoes
39,24,39,23.65,93.33,6.43,109.81,sandy loam,guinea_corn
8,26,36,18.78,87.4,6.8,102.52,sandy loam,guinea_corn
60,36,43,23.43,83.06,5.29,219.9,clay,rice
19,53,22,27.86,80.45,6.85,42.83,loamy,yam
95,55,42,26.8,82.15,5.95,193.35,clay,rice
95,21,47,27.93,93.56,6.43,20.66,sandy loam,tomatoes
11,72,20,19.52,24.93,5.95,113.33,clay,beans
5,65,16,21.33,18.49,5.87,109.1,clay,beans
57,68,81,17.17,17.3,8.08,72.79,loamy,soybean
11,72,20,19.52,24.93,5.95,113.33,clay,beans
21,6,41,24.88,89.4,7.09,107.2,sandy loam,guinea_corn
60,51,36,22.7,82.81,6.03,257.0,clay,rice
13,16,8,34.74,93.12,6.95,100.2,loamy,orange
20,79,77,18.55,16.03,7.65,76.33,loamy,soybean
114,8,50,24.75,88.31,6.58,57.96,loamy clay ,pepper
36,55,20,27.01,84.34,6.64,55.3,loamy,yam
25,70,16,19.63,18.91,5.76,106.36,clay,beans
32,25,35,18.1,85.71,5.89,107.01,sandy loam,guinea_corn
11,18,42,21.58,94.88,5.94,102.86,sandy loam,guinea_corn
61,52,41,24.98,83.89,6.88,204.8,clay,rice
37,74,15,24.92,18.23,5.58,62.71,clay,beans
120,24,47,26.99,89.41,6.26,58.55,loamy clay ,pepper
31,53,16,28.74,85.82,6.45,48.55,loamy,yam
95,12,46,26.22,81.01,6.32,54.65,loamy clay ,pepper
11,18,42,21.58,94.88,5.94,102.86,sandy loam,guinea_corn
40,73,20,21.59,20.32,5.81,61.14,clay,beans
11,18,42,21.58,94.88,5.94,102.86,sandy loam,guinea_corn
27,63,19,20.93,21.19,5.56,133.19,clay,beans
81,18,50,26.44,80.92,6.51,47.82,loamy clay ,pepper
60,61,78,20.71,19.84,6.32,94.04,loamy,soybean
74,56,22,18.28,66.66,6.83,80.98,sandy loam,maize
41,74,18,28.76,61.03,6.6,73.38,sandy loam,cassava
63,42,21,23.26,72.33,5.8,67.1,sandy loam,maize
34,59,23,28.56,83.25,6.94,56.48,loamy,yam
95,13,46,29.84,93.76,6.13,23.28,sandy loam,tomatoes
94,5,55,28.59,91.89,6.09,26.88,sandy loam,tomatoes
1,48,24,29.35,85.6,6.23,59.04,loamy,yam
60,57,24,18.66,61.55,6.12,75.03,sandy loam,maize
0,65,15,23.46,23.22,5.65,95.84,clay,beans
101,17,55,24.37,87.13,6.45,44.64,loamy clay ,pepper
99,6,45,26.13,86.55,6.0,40.71,loamy clay ,pepper
37,24,13,19.14,90.71,7.85,108.02,loamy,orange
15,11,38,23.13,92.68,6.63,109.39,sandy loam,guinea_corn
31,79,25,23.19,22.31,5.9,63.38,clay,beans
24,18,6,26.57,94.45,6.29,116.38,loamy,orange
115,9,52,29.07,90.98,6.02,29.12,sandy loam,tomatoes
60,44,23,24.79,70.05,5.72,76.73,sandy loam,maize
79,45,20,23.81,59.25,5.72,89.96,sandy loam,maize
27,62,77,18.2,14.71,6.58,70.18,loamy,soybean
38,14,37,21.81,94.64,6.66,102.65,sandy loam,guinea_corn
52,58,16,30.64,61.15,7.17,71.37,sandy loam,cassava
23,72,84,19.02,17.13,6.92,79.93,loamy,soybean
73,58,21,19.97,57.68,6.6,60.65,sandy loam,maize
62,48,20,21.7,60.47,6.71,95.71,sandy loam,maize
61,44,17,26.1,71.57,6.93,102.27,sandy loam,maize
89,60,17,25.38,57.21,5.98,101.7,sandy loam,maize
27,65,18,20.11,23.22,5.6,73.36,clay,beans
11,72,20,19.52,24.93,5.95,113.33,clay,beans
30,44,16,29.73,82.89,6.44,50.92,loamy,yam
28,65,23,28.39,61.89,7.41,74.24,sandy loam,cassava
39,28,10,31.35,91.48,7.18,109.15,loamy,orange
88,17,52,29.9,90.75,6.65,25.38,sandy loam,tomatoes
31,70,77,20.89,14.32,6.49,90.46,loamy,soybean
86,36,24,26.55,72.89,5.79,73.34,sandy loam,maize
82,20,54,29.34,90.02,6.54,21.45,sandy loam,tomatoes
8,26,36,18.78,87.4,6.8,102.52,sandy loam,guinea_corn
31,53,16,28.74,85.82,6.45,48.55,loamy,yam
20,41,20,29.27,89.49,7.07,50.92,loamy,yam
110,22,47,29.03,91.82,6.24,24.94,sandy loam,tomatoes
14,48,21,29.25,84.8,6.99,53.43,loamy,yam
98,35,18,23.8,74.83,6.25,91.76,sandy loam,maize
25,70,16,19.63,18.91,5.76,106.36,clay,beans
12,61,19,19.33,24.14,5.66,68.51,clay,beans
35,48,15,27.11,87.45,6.98,55.04,loamy,yam
22,72,85,18.87,15.66,6.39,88.51,loamy,soybean
39,24,39,23.65,93.33,6.43,109.81,sandy loam,guinea_corn
32,14,37,22.73,88.49,6.83,104.68,sandy loam,guinea_corn
14,8,43,21.93,94.46,7.05,111.72,sandy loam,guinea_corn
99,55,35,21.72,80.24,6.5,277.96,clay,rice
4,19,42,23.83,87.84,6.31,111.22,sandy loam,guinea_corn
72,60,25,18.53,69.03,5.77,88.1,sandy loam,maize
14,8,43,21.93,94.46,7.05,111.72,sandy loam,guinea_corn
29,76,15,28.54,64.2,7.03,69.69,sandy loam,cassava
13,69,19,17.31,20.02,5.86,115.2,clay,beans
61,41,17,25.14,65.26,6.02,76.68,sandy loam,maize
27,64,21,32.84,68.68,7.54,73.67,sandy loam,cassava
9,77,17,20.12,24.45,5.78,106.16,clay,beans
13,72,21,24.32,21.03,5.82,60.28,clay,beans
26,80,83,17.08,16.15,7.53,71.31,loamy,soybean
75,54,36,26.29,84.57,7.02,257.49,clay,rice
36,66,15,30.09,69.35,6.67,67.14,sandy loam,cassava
6,30,40,22.77,91.45,6.36,106.97,sandy loam,guinea_corn
3,9,45,23.89,89.62,6.54,104.62,sandy loam,guinea_corn
8,26,36,18.78,87.4,6.8,102.52,sandy loam,guinea_corn
116,5,54,25.38,80.99,6.65,57.23,loamy clay ,pepper
21,9,40,24.51,90.64,5.96,105.62,sandy loam,guinea_corn
8,28,38,23.23,94.43,6.84,105.69,sandy loam,guinea_corn
101,17,55,24.37,87.13,6.45,44.64,loamy clay ,pepper
86,59,35,25.79,82.11,6.95,243.51,clay,rice
4,24,43,22.4,88.15,7.2,109.87,sandy loam,guinea_corn
83,57,19,25.73,70.75,6.88,98.74,sandy loam,maize
84,18,46,27.09,93.42,6.78,25.32,sandy loam,tomatoes
81,41,38,22.68,83.73,7.52,200.91,clay,rice
38,60,76,18.65,17.81,8.87,77.93,loamy,soybean
4,24,43,22.4,88.15,7.2,109.87,sandy loam,guinea_corn
99,36,20,20.58,65.35,6.67,78.35,sandy loam,maize
119,19,55,25.19,83.45,6.82,46.87,loamy clay ,pepper
95,21,47,27.93,93.56,6.43,20.66,sandy loam,tomatoes
104,17,46,25.71,80.23,6.19,43.09,loamy clay ,pepper
0,65,15,23.46,23.22,5.65,95.84,clay,beans
25,65,21,33.86,68.59,6.88,69.24,sandy loam,cassava
23,62,85,18.97,19.52,8.49,80.71,loamy,soybean
99,55,35,21.72,80.24,6.5,277.96,clay,rice
23,59,25,27.83,88.73,6.32,56.69,loamy,yam
99,36,20,20.58,65.35,6.67,78.35,sandy loam,maize
81,25,49,29.87,93.25,6.08,26.26,sandy loam,tomatoes
39,28,10,31.35,91.48,7.18,109.15,loamy,orange
114,27,48,27.82,93.04,6.53,26.32,sandy loam,tomatoes
102,11,47,27.99,92.78,6.5,27.15,sandy loam,tomatoes
109,10,53,26.82,87.83,6.55,46.06,loamy clay ,pepper
58,71,15,27.83,67.59,6.92,74.01,sandy loam,cassava
1,15,9,29.98,94.55,7.53,115.36,loamy,orange
71,46,40,20.28,82.12,7.24,191.95,clay,rice
119,30,49,25.36,80.46,6.9,47.72,loamy clay ,pepper
61,41,17,25.14,65.26,6.02,76.68,sandy loam,maize
36,55,20,27.01,84.34,6.64,55.3,loamy,yam
8,50,21,28.63,89.11,6.22,50.5,loamy,yam
83,25,53,26.49,80.05,6.06,57.73,loamy clay ,pepper
109,21,55,24.9,89.74,6.77,57.45,loamy clay ,pepper
21,21,38,22.55,89.33,6.33,104.9,sandy loam,guinea_corn
65,60,43,21.97,81.9,5.66,227.36,clay,rice
90,49,21,24.84,68.36,6.47,74.05,sandy loam,maize
40,27,45,21.66,94.79,5.89,112.43,sandy loam,guinea_corn
117,25,54,28.68,92.51,6.15,29.11,sandy loam,tomatoes
115,17,55,27.58,94.12,6.78,28.08,sandy loam,tomatoes
6,77,25,20.61,24.36,5.79,69.64,clay,beans
115,11,46,24.42,89.4,6.62,40.32,loamy clay ,pepper
22,56,17,29.88,87.33,6.89,44.75,loamy,yam
34,59,23,28.56,83.25,6.94,56.48,loamy,yam
84,21,55,28.47,94.79,6.49,21.08,sandy loam,tomatoes
120,23,55,27.84,91.61,6.73,26.48,sandy loam,tomatoes
61,53,43,26.4,81.06,6.35,223.37,clay,rice
95,21,47,27.93,93.56,6.43,20.66,sandy loam,tomatoes
14,48,21,29.25,84.8,6.99,53.43,loamy,yam
12,78,23,16.07,18.72,6.0,88.07,clay,beans
11,60,23,27.34,88.5,7.03,51.1,loamy,yam
27,79,82,17.07,17.54,6.31,70.87,loamy,soybean
25,63,20,15.79,21.15,5.5,95.17,clay,beans
86,18,45,28.97,90.72,6.57,22.26,sandy loam,tomatoes
44,63,15,26.42,64.51,7.34,63.47,sandy loam,cassava
111,6,53,26.49,88.59,6.31,46.06,loamy clay ,pepper
22,79,17,21.42,20.4,5.91,116.52,clay,beans
56,79,15,29.48,63.2,7.45,71.89,sandy loam,cassava
74,39,38,23.24,84.59,7.78,233.05,clay,rice
63,35,16,22.03,65.36,6.27,83.73,sandy loam,maize
31,51,25,27.54,85.57,7.2,53.02,loamy,yam
13,16,8,34.74,93.12,6.95,100.2,loamy,orange
10,55,23,21.19,19.63,5.73,137.19,clay,beans
4,19,43,18.07,93.15,5.78,106.36,sandy loam,guinea_corn
9,16,39,18.41,91.12,6.1,105.18,sandy loam,guinea_corn
20,29,10,29.07,93.27,7.37,100.79,loamy,orange
85,9,53,28.21,92.87,6.45,28.79,sandy loam,tomatoes
76,57,18,18.98,74.53,6.09,94.26,sandy loam,maize
39,73,24,25.66,61.18,7.22,69.29,sandy loam,cassava
22,78,76,17.85,19.09,8.62,76.32,loamy,soybean
8,54,20,28.33,80.77,7.03,38.8,loamy,yam
11,46,24,27.65,89.81,6.46,56.53,loamy,yam
32,14,37,22.73,88.49,6.83,104.68,sandy loam,guinea_corn
85,25,47,26.11,87.64,6.3,58.48,loamy clay ,pepper
21,9,40,24.51,90.64,5.96,105.62,sandy loam,guinea_corn
63,35,16,22.03,65.36,6.27,83.73,sandy loam,maize
22,80,20,23.01,18.87,5.67,100.12,clay,beans
33,59,22,22.64,21.59,5.95,122.39,clay,beans
9,57,24,29.89,89.72,7.17,42.99,loamy,yam
95,16,46,27.08,90.14,6.75,24.45,sandy loam,tomatoes
75,54,36,26.29,84.57,7.02,257.49,clay,rice
84,21,55,28.47,94.79,6.49,21.08,sandy loam,tomatoes
34,60,25,29.78,85.17,6.79,40.78,loamy,yam
68,41,16,21.78,57.81,6.16,102.09,sandy loam,maize
120,7,47,24.25,83.04,6.65,54.77,loamy clay ,pepper
39,28,10,31.35,91.48,7.18,109.15,loamy,orange
101,11,51,25.51,84.24,6.79,44.21,loamy clay ,pepper
112,25,51,25.05,85.57,6.93,56.72,loamy clay ,pepper
119,30,49,25.36,80.46,6.9,47.72,loamy clay ,pepper
100,14,49,29.49,91.08,6.37,26.02,sandy loam,tomatoes
29,22,40,23.63,89.73,6.15,107.68,sandy loam,guinea_corn
36,76,75,18.38,16.64,8.74,70.52,loamy,soybean
109,21,55,24.9,89.74,6.77,57.45,loamy clay ,pepper
58,66,79,20.99,19.33,8.72,93.55,loamy,soybean
21,6,41,24.88,89.4,7.09,107.2,sandy loam,guinea_corn
14,48,21,29.25,84.8,6.99,53.43,loamy,yam
99,36,20,20.58,65.35,6.67,78.35,sandy loam,maize
13,30,37,20.86,91.62,6.28,106.87,sandy loam,guinea_corn
52,70,16,33.67,66.6,7.53,67.33,sandy loam,cassava
39,76,76,19.97,15.57,6.14,69.16,loamy,soybean
0,18,14,29.77,92.01,7.21,114.42,loamy,orange
1,62,23,15.44,18.37,5.61,139.03,clay,beans
25,70,16,19.63,18.91,5.76,106.36,clay,beans
16,10,41,24.77,85.64,6.74,105.76,sandy loam,guinea_corn
30,75,81,19.42,16.81,6.41,68.52,loamy,soybean
9,16,36,23.78,92.93,5.89,106.98,sandy loam,guinea_corn
79,45,20,23.81,59.25,5.72,89.96,sandy loam,maize
52,60,79,19.45,18.23,8.38,75.63,loamy,soybean
9,69,20,19.31,23.96,5.59,129.34,clay,beans
51,72,75,18.89,14.99,7.1,80.11,loamy,soybean
90,57,24,18.93,72.8,6.16,82.34,sandy loam,maize
76,44,17,20.42,62.55,5.86,65.28,sandy loam,maize
99,55,35,21.72,80.24,6.5,277.96,clay,rice
44,58,18,28.04,65.07,6.81,72.5,sandy loam,cassava
64,35,23,23.02,61.89,5.68,63.04,sandy loam,maize
17,58,20,28.07,85.92,6.43,39.24,loamy,yam
4,44,19,27.96,83.53,6.92,43.26,loamy,yam
78,37,22,25.34,63.32,6.33,74.52,sandy loam,maize
8,28,37,23.88,86.21,6.08,108.31,sandy loam,guinea_corn
118,18,52,28.05,90.83,6.56,20.76,sandy loam,tomatoes
43,66,79,19.46,15.23,7.98,74.59,loamy,soybean
29,67,21,29.79,63.39,6.62,63.02,sandy loam,cassava
37,24,13,19.14,90.71,7.85,108.02,loamy,orange
37,64,22,17.48,18.83,5.95,121.94,clay,beans
43,79,79,19.41,18.98,7.81,80.25,loamy,soybean
21,51,15,29.36,89.19,6.68,48.3,loamy,yam
26,80,83,17.08,16.15,7.53,71.31,loamy,soybean
70,36,42,21.84,80.73,6.95,202.38,clay,rice
60,55,44,23.0,82.32,7.84,263.96,clay,rice
42,79,85,17.22,15.82,6.13,76.58,loamy,soybean
87,35,25,21.45,63.16,6.18,65.89,sandy loam,maize
90,44,38,23.84,83.88,7.47,241.2,clay,rice
32,25,9,10.36,93.76,7.8,101.15,loamy,orange
22,72,85,18.87,15.66,6.39,88.51,loamy,soybean
36,29,13,20.68,90.92,7.83,109.75,loamy,orange
39,76,76,19.97,15.57,6.14,69.16,loamy,soybean
84,25,52,24.37,81.25,6.13,44.21,loamy clay ,pepper
83,57,19,25.73,70.75,6.88,98.74,sandy loam,maize
17,52,17,27.88,86.45,6.36,44.64,loamy,yam
104,25,51,28.96,93.88,6.47,23.56,sandy loam,tomatoes
22,78,76,17.85,19.09,8.62,76.32,loamy,soybean
59,70,84,17.33,18.75,7.55,82.62,loamy,soybean
74,58,18,20.04,56.36,6.73,109.02,sandy loam,maize
36,38,15,28.36,87.6,6.32,58.0,loamy,yam
116,25,50,29.26,92.92,6.09,28.71,sandy loam,tomatoes
26,54,17,28.55,88.96,6.27,49.49,loamy,yam
39,9,15,25.35,91.81,7.99,116.76,loamy,orange
75,54,36,26.29,84.57,7.02,257.49,clay,rice
21,17,15,23.98,91.55,7.46,118.49,loamy,orange
12,20,10,24.45,93.11,6.53,109.47,loamy,orange
106,10,49,27.73,92.01,6.35,20.21,sandy loam,tomatoes
42,67,77,18.99,15.94,6.11,78.71,loamy,soybean
25,17,40,18.91,87.75,6.61,111.28,sandy loam,guinea_corn
57,68,81,17.17,17.3,8.08,72.79,loamy,soybean
76,49,42,24.96,84.48,5.21,196.96,clay,rice
24,21,42,20.82,87.23,7.0,109.44,sandy loam,guinea_corn
106,20,51,29.73,90.97,6.34,20.49,sandy loam,tomatoes
40,27,45,21.66,94.79,5.89,112.43,sandy loam,guinea_corn
38,36,21,28.03,84.88,6.56,36.12,loamy,yam
102,14,52,26.79,89.65,6.51,57.74,loamy clay ,pepper
11,72,20,19.52,24.93,5.95,113.33,clay,beans
90,44,38,23.84,83.88,7.47,241.2,clay,rice
39,71,84,20.28,16.4,8.14,82.52,loamy,soybean
11,10,45,22.63,88.46,6.4,109.04,sandy loam,guinea_corn
116,25,50,29.26,92.92,6.09,28.71,sandy loam,tomatoes
101,20,48,24.68,82.75,6.21,57.06,loamy clay ,pepper
39,17,45,18.1,90.42,6.92,104.88,sandy loam,guinea_corn
36,29,13,20.68,90.92,7.83,109.75,loamy,orange
22,64,82,19.49,17.17,6.47,87.51,loamy,soybean
31,75,18,15.47,21.44,5.82,88.89,clay,beans
56,79,15,29.48,63.2,7.45,71.89,sandy loam,cassava
27,56,20,29.21,87.11,6.42,51.54,loamy,yam
90,14,52,24.85,89.2,6.39,59.68,loamy clay ,pepper
15,6,41,19.01,88.84,6.9,108.68,sandy loam,guinea_corn
28,66,23,21.54,24.25,6.0,120.69,clay,beans
95,12,51,25.76,84.17,6.68,44.22,loamy clay ,pepper
9,8,40,22.49,89.92,6.55,111.66,sandy loam,guinea_corn
114,8,50,24.75,88.31,6.58,57.96,loamy clay ,pepper
83,9,45,25.85,89.13,6.05,46.85,loamy clay ,pepper
27,62,77,18.2,14.71,6.58,70.18,loamy,soybean
4,6,7,23.01,91.12,6.71,112.67,loamy,orange
27,80,15,19.07,21.21,5.79,86.22,clay,beans
21,21,38,22.55,89.33,6.33,104.9,sandy loam,guinea_corn
22,70,19,18.24,21.08,5.52,69.45,clay,beans
37,79,19,27.54,69.35,7.14,69.41,sandy loam,cassava
95,13,46,29.84,93.76,6.13,23.28,sandy loam,tomatoes
13,60,25,17.14,20.61,5.69,128.26,clay,beans
84,29,49,29.94,93.91,6.25,20.39,sandy loam,tomatoes
21,39,20,28.14,82.12,7.06,46.76,loamy,yam
29,76,15,28.54,64.2,7.03,69.69,sandy loam,cassava
98,8,51,26.18,86.52,6.26,49.43,loamy clay ,pepper
84,44,21,21.87,61.91,5.85,107.27,sandy loam,maize
20,27,41,20.51,92.52,5.7,110.58,sandy loam,guinea_corn
111,6,53,26.49,88.59,6.31,46.06,loamy clay ,pepper
40,78,20,19.19,20.83,5.67,80.15,clay,beans
40,9,41,24.38,85.4,5.78,106.13,sandy loam,guinea_corn
3,77,25,24.85,22.89,5.61,62.21,clay,beans
74,35,40,26.49,80.16,6.98,242.86,clay,rice
28,58,81,17.48,16.54,6.18,93.35,loamy,soybean
61,44,17,26.1,71.57,6.93,102.27,sandy loam,maize
13,7,43,18.2,91.12,7.01,109.66,sandy loam,guinea_corn
20,20,10,11.87,93.68,6.98,106.06,loamy,orange
120,16,51,28.0,91.64,6.55,23.29,sandy loam,tomatoes
23,30,44,20.94,85.43,6.12,103.03,sandy loam,guinea_corn
53,67,17,31.78,69.02,7.3,61.47,sandy loam,cassava
8,23,44,18.47,89.69,7.13,108.48,sandy loam,guinea_corn
25,76,24,15.33,24.92,5.57,135.33,clay,beans
110,14,51,27.02,91.67,6.09,21.26,sandy loam,tomatoes
8,26,36,18.78,87.4,6.8,102.52,sandy loam,guinea_corn
8,7,10,28.26,91.98,6.93,105.21,loamy,orange
40,68,17,34.13,65.15,7.73,70.41,sandy loam,cassava
74,35,40,26.49,80.16,6.98,242.86,clay,rice
71,46,40,20.28,82.12,7.24,191.95,clay,rice
4,13,6,15.63,94.26,7.56,101.47,loamy,orange
61,41,17,25.14,65.26,6.02,76.68,sandy loam,maize
7,20,12,16.53,94.77,6.48,110.04,loamy,orange
30,44,16,29.73,82.89,6.44,50.92,loamy,yam
111,6,53,26.49,88.59,6.31,46.06,loamy clay ,pepper
21,38,21,29.76,86.45,6.64,37.55,loamy,yam
51,72,75,18.89,14.99,7.1,80.11,loamy,soybean
49,55,78,18.66,16.18,7.86,81.71,loamy,soybean
6,77,25,20.61,24.36,5.79,69.64,clay,beans
39,24,14,30.55,90.9,7.19,106.07,loamy,orange
74,35,40,26.49,80.16,6.98,242.86,clay,rice
97,12,47,25.29,89.64,6.77,58.29,loamy clay ,pepper
30,65,82,20.71,15.28,6.11,76.78,loamy,soybean
87,60,23,20.27,63.91,6.44,62.5,sandy loam,maize
111,15,54,27.71,92.91,6.19,22.06,sandy loam,tomatoes
40,64,16,16.43,24.24,5.93,140.37,clay,beans
37,18,12,10.27,90.19,7.4,106.7,loamy,orange
81,53,42,23.68,81.04,5.18,233.7,clay,rice
27,62,24,28.63,66.77,7.35,62.27,sandy loam,cassava
115,11,46,24.42,89.4,6.62,40.32,loamy clay ,pepper
86,36,24,26.55,72.89,5.79,73.34,sandy loam,maize
61,44,17,26.1,71.57,6.93,102.27,sandy loam,maize
11,71,17,19.92,21.47,5.75,82.69,clay,beans
12,63,17,18.36,19.38,5.72,138.41,clay,beans
16,29,13,32.32,93.68,6.2,117.62,loamy,orange
35,69,23,16.79,24.97,5.58,75.45,clay,beans
82,22,45,26.22,85.35,6.51,54.6,loamy clay ,pepper
94,50,37,25.67,80.66,6.95,209.59,clay,rice
98,25,52,25.28,83.15,6.22,49.29,loamy clay ,pepper
92,35,40,22.18,80.33,6.36,200.09,clay,rice
18,27,41,22.37,92.31,7.18,104.82,sandy loam,guinea_corn
34,66,19,32.97,60.18,7.59,73.45,sandy loam,cassava
75,56,18,19.4,62.36,5.7,60.95,sandy loam,maize
73,58,21,19.97,57.68,6.6,60.65,sandy loam,maize
82,20,54,29.34,90.02,6.54,21.45,sandy loam,tomatoes
6,30,40,22.77,91.45,6.36,106.97,sandy loam,guinea_corn
63,43,17,19.29,65.47,6.81,71.32,sandy loam,maize
0,17,42,23.2,91.19,6.86,109.09,sandy loam,guinea_corn
34,60,23,20.13,24.97,5.66,100.05,clay,beans
43,61,20,26.87,61.61,6.8,63.52,sandy loam,cassava
98,53,38,20.27,81.64,5.01,270.44,clay,rice
24,21,42,20.82,87.23,7.0,109.44,sandy loam,guinea_corn
93,41,17,25.62,66.5,6.05,105.47,sandy loam,maize
31,51,25,27.54,85.57,7.2,53.02,loamy,yam
90,23,54,28.56,90.46,6.16,27.27,sandy loam,tomatoes
106,14,45,24.47,84.16,6.42,57.27,loamy clay ,pepper
99,55,35,21.72,80.24,6.5,277.96,clay,rice
18,21,35,23.28,94.94,6.37,111.14,sandy loam,guinea_corn
95,16,46,27.08,90.14,6.75,24.45,sandy loam,tomatoes
86,18,45,28.97,90.72,6.57,22.26,sandy loam,tomatoes
53,65,76,20.19,16.42,6.72,77.34,loamy,soybean
72,60,25,18.53,69.03,5.77,88.1,sandy loam,maize
3,26,39,24.38,91.19,7.08,103.6,sandy loam,guinea_corn
20,79,77,18.55,16.03,7.65,76.33,loamy,soybean
85,9,53,28.21,92.87,6.45,28.79,sandy loam,tomatoes
21,62,24,33.49,62.73,6.85,65.45,sandy loam,cassava
96,13,55,29.53,94.57,6.7,21.14,sandy loam,tomatoes
88,29,51,24.72,88.95,6.1,48.46,loamy clay ,pepper
27,80,15,19.07,21.21,5.79,86.22,clay,beans
27,64,21,32.84,68.68,7.54,73.67,sandy loam,cassava
101,17,47,29.49,94.73,6.19,26.31,sandy loam,tomatoes
26,67,16,29.11,67.91,7.18,67.83,sandy loam,cassava
30,70,79,20.27,19.97,7.31,69.64,loamy,soybean
39,28,10,31.35,91.48,7.18,109.15,loamy,orange
9,48,22,27.77,87.1,6.4,49.51,loamy,yam
31,37,21,27.24,86.4,6.71,37.31,loamy,yam
120,20,45,25.67,88.7,6.11,54.23,loamy clay ,pepper
113,6,52,27.76,90.36,6.74,25.22,sandy loam,tomatoes
28,68,19,34.64,61.39,7.7,72.43,sandy loam,cassava
36,43,22,27.83,87.17,6.39,58.37,loamy,yam
85,58,41,21.77,80.32,7.04,226.66,clay,rice
18,5,11,20.88,90.94,6.25,102.46,loamy,orange
58,75,25,25.26,61.37,7.26,68.65,sandy loam,cassava
6,18,37,19.66,89.94,5.94,108.05,sandy loam,guinea_corn
30,64,20,33.86,61.57,6.57,68.02,sandy loam,cassava
107,22,54,28.0,90.85,6.63,21.62,sandy loam,tomatoes
52,73,79,17.26,18.75,7.84,94.0,loamy,soybean
39,60,21,34.9,63.6,6.97,64.73,sandy loam,cassava
120,23,55,27.84,91.61,6.73,26.48,sandy loam,tomatoes
27,64,15,20.16,24.84,5.51,138.24,clay,beans
34,59,18,23.38,21.99,5.74,87.67,clay,beans
34,29,8,31.88,91.15,6.45,105.34,loamy,orange
85,27,45,26.07,88.73,6.47,57.8,loamy clay ,pepper
58,63,81,19.81,14.7,6.52,78.97,loamy,soybean
28,65,23,28.39,61.89,7.41,74.24,sandy loam,cassava
8,45,18,27.93,85.42,7.01,43.25,loamy,yam
111,5,47,28.03,91.47,6.27,21.18,sandy loam,tomatoes
61,60,15,24.88,68.74,6.27,91.26,sandy loam,maize
12,61,19,19.33,24.14,5.66,68.51,clay,beans
61,53,43,26.4,81.06,6.35,223.37,clay,rice
12,20,10,24.45,93.11,6.53,109.47,loamy,orange
80,18,51,28.05,91.82,6.71,20.77,sandy loam,tomatoes
34,66,19,32.97,60.18,7.59,73.45,sandy loam,cassava
107,10,49,25.83,89.0,6.76,45.25,loamy clay ,pepper
102,11,47,27.99,92.78,6.5,27.15,sandy loam,tomatoes
12,8,10,16.15,91.44,8.0,107.43,loamy,orange
31,79,25,23.19,22.31,5.9,63.38,clay,beans
37,18,39,24.15,94.51,6.42,110.23,sandy loam,guinea_corn
64,35,23,23.02,61.89,5.68,63.04,sandy loam,maize
42,67,77,18.99,15.94,6.11,78.71,loamy,soybean
89,45,36,21.33,80.47,6.44,185.5,clay,rice
35,48,15,27.11,87.45,6.98,55.04,loamy,yam
89,45,36,21.33,80.47,6.44,185.5,clay,rice
18,74,15,24.9,22.28,5.71,146.47,clay,beans
102,11,47,27.99,92.78,6.5,27.15,sandy loam,tomatoes
21,39,20,28.14,82.12,7.06,46.76,loamy,yam
6,18,37,19.66,89.94,5.94,108.05,sandy loam,guinea_corn
6,62,22,20.53,18.09,5.82,120.45,clay,beans
15,11,38,23.13,92.68,6.63,109.39,sandy loam,guinea_corn
101,17,55,24.37,87.13,6.45,44.64,loamy clay ,pepper
36,38,15,28.36,87.6,6.32,58.0,loamy,yam
84,7,51,26.82,87.66,6.4,55.74,loamy clay ,pepper
20,7,45,18.91,89.24,6.08,112.48,sandy loam,guinea_corn
13,22,5,19.67,90.5,7.76,100.17,loamy,orange
114,27,48,27.82,93.04,6.53,26.32,sandy loam,tomatoes
52,73,79,17.26,18.75,7.84,94.0,loamy,soybean
120,24,47,26.99,89.41,6.26,58.55,loamy clay ,pepper
25,78,76,17.48,15.76,7.23,66.97,loamy,soybean
97,22,50,26.26,86.15,6.77,58.98,loamy clay ,pepper
95,12,51,25.76,84.17,6.68,44.22,loamy clay ,pepper
55,78,21,33.39,62.94,6.6,63.57,sandy loam,cassava
59,58,17,28.55,66.31,7.37,62.83,sandy loam,cassava
93,20,50,29.93,93.23,6.45,24.35,sandy loam,tomatoes
21,38,21,29.76,86.45,6.64,37.55,loamy,yam
29,16,36,19.81,88.93,5.74,102.86,sandy loam,guinea_corn
25,68,77,20.09,15.11,7.7,85.75,loamy,soybean
34,60,23,20.13,24.97,5.66,100.05,clay,beans
89,45,36,21.33,80.47,6.44,185.5,clay,rice
59,55,19,31.74,62.51,7.33,68.97,sandy loam,cassava
84,21,55,28.47,94.79,6.49,21.08,sandy loam,tomatoes
29,77,75,17.5,15.48,7.78,72.94,loamy,soybean
5,65,16,21.33,18.49,5.87,109.1,clay,beans
22,64,82,19.49,17.17,6.47,87.51,loamy,soybean
90,49,21,24.84,68.36,6.47,74.05,sandy loam,maize
37,6,13,26.03,91.51,7.51,101.28,loamy,orange
87,6,45,29.83,90.79,6.4,22.84,sandy loam,tomatoes
107,5,52,26.66,89.98,6.88,57.41,loamy clay ,pepper
13,8,12,25.16,92.55,7.11,114.31,loamy,orange
27,13,6,13.36,91.36,7.34,111.23,loamy,orange
1,17,6,10.79,91.38,6.82,117.53,loamy,orange
37,50,23,29.65,88.49,6.53,56.02,loamy,yam
63,58,22,18.25,55.28,6.2,63.72,sandy loam,maize
95,13,46,29.84,93.76,6.13,23.28,sandy loam,tomatoes
7,20,12,16.53,94.77,6.48,110.04,loamy,orange
78,37,22,25.34,63.32,6.33,74.52,sandy loam,maize
117,24,53,29.17,92.21,6.29,21.3,sandy loam,tomatoes
59,69,80,19.08,17.87,8.17,69.41,loamy,soybean
33,37,19,27.93,86.55,7.18,43.48,loamy,yam
88,29,51,24.72,88.95,6.1,48.46,loamy clay ,pepper
79,42,37,24.87,82.84,6.59,295.61,clay,rice
89,54,38,24.52,83.54,6.69,230.45,clay,rice
61,52,41,24.98,83.89,6.88,204.8,clay,rice
27,59,22,21.81,23.21,5.79,130.06,clay,beans
83,10,53,24.93,85.01,6.2,48.76,loamy clay ,pepper
4,18,37,22.92,85.41,7.13,106.28,sandy loam,guinea_corn
42,74,83,19.26,14.28,7.55,65.78,loamy,soybean
65,60,22,25.37,72.52,6.61,107.91,sandy loam,maize
106,20,51,29.73,90.97,6.34,20.49,sandy loam,tomatoes
57,68,81,17.17,17.3,8.08,72.79,loamy,soybean
14,48,21,29.25,84.8,6.99,53.43,loamy,yam
43,66,79,19.46,15.23,7.98,74.59,loamy,soybean
37,55,82,19.46,18.02,6.42,78.45,loamy,soybean
88,55,45,24.64,80.41,7.73,253.72,clay,rice
36,7,37,19.87,86.36,5.78,108.32,sandy loam,guinea_corn
88,46,42,22.68,83.46,6.6,194.27,clay,rice
34,29,8,31.88,91.15,6.45,105.34,loamy,orange
3,77,25,24.85,22.89,5.61,62.21,clay,beans
81,25,49,29.87,93.25,6.08,26.26,sandy loam,tomatoes
99,39,18,19.2,68.31,6.11,87.85,sandy loam,maize
56,67,78,17.57,16.72,8.26,77.82,loamy,soybean
34,66,17,18.81,21.28,5.89,125.08,clay,beans
34,11,10,31.75,94.6,7.36,115.2,loamy,orange
85,37,39,24.53,82.74,6.36,224.68,clay,rice
25,65,21,33.86,68.59,6.88,69.24,sandy loam,cassava
99,36,20,20.58,65.35,6.67,78.35,sandy loam,maize
111,5,52,29.88,94.04,6.14,21.0,sandy loam,tomatoes
104,23,47,26.98,86.7,6.77,42.91,loamy clay ,pepper
0,5,36,24.35,90.89,6.15,105.53,sandy loam,guinea_corn
12,8,10,16.15,91.44,8.0,107.43,loamy,orange
22,37,20,27.63,86.49,6.61,39.26,loamy,yam
67,51,24,23.5,61.32,5.58,64.78,sandy loam,maize
98,8,51,26.18,86.52,6.26,49.43,loamy clay ,pepper
61,53,43,26.4,81.06,6.35,223.37,clay,rice
72,45,35,25.43,82.95,5.76,195.36,clay,rice
27,69,22,17.92,24.91,5.93,69.15,clay,beans
95,12,51,25.76,84.17,6.68,44.22,loamy clay ,pepper
28,7,9,34.59,92.13,6.73,115.57,loamy,orange
40,18,43,19.39,86.79,5.77,109.91,sandy loam,guinea_corn
63,35,16,22.03,65.36,6.27,83.73,sandy loam,maize
109,21,55,24.9,89.74,6.77,57.45,loamy clay ,pepper
20,23,11,31.85,90.12,6.41,109.95,loamy,orange
100,48,16,25.72,67.22,5.55,74.51,sandy loam,maize
55,78,21,33.39,62.94,6.6,63.57,sandy loam,cassava
99,50,15,18.15,71.09,5.57,88.08,sandy loam,maize
99,38,21,22.88,71.6,6.35,67.73,sandy loam,maize
83,57,19,25.73,70.75,6.88,98.74,sandy loam,maize
20,45,22,29.59,89.99,6.9,54.96,loamy,yam
22,26,38,22.92,85.13,6.99,110.24,sandy loam,guinea_corn
27,62,24,28.63,66.77,7.35,62.27,sandy loam,cassava
3,77,25,24.85,22.89,5.61,62.21,clay,beans
29,75,75,19.62,18.71,7.06,88.46,loamy,soybean
26,27,10,28.07,92.91,6.08,114.13,loamy,orange
87,35,25,21.45,63.16,6.18,65.89,sandy loam,maize
97,22,50,26.26,86.15,6.77,58.98,loamy clay ,pepper
85,9,53,28.21,92.87,6.45,28.79,sandy loam,tomatoes
84,57,25,22.54,67.99,6.49,64.41,sandy loam,maize
9,11,8,24.86,94.39,6.56,111.78,loamy,orange
23,70,15,34.6,63.11,7.4,60.42,sandy loam,cassava
85,25,47,26.11,87.64,6.3,58.48,loamy clay ,pepper
53,73,77,19.71,18.1,7.33,73.64,loamy,soybean
13,47,20,29.22,87.94,6.54,43.14,loamy,yam
27,79,82,17.07,17.54,6.31,70.87,loamy,soybean
63,44,41,24.17,83.73,5.58,257.03,clay,rice
44,75,22,30.03,64.15,7.57,71.21,sandy loam,cassava
101,17,47,29.49,94.73,6.19,26.31,sandy loam,tomatoes
42,73,25,34.04,67.21,6.5,73.24,sandy loam,cassava
81,18,50,26.81,88.23,6.43,58.8,loamy clay ,pepper
76,60,39,20.05,80.35,6.77,208.58,clay,rice
86,55,21,21.54,59.64,6.8,109.75,sandy loam,maize
7,20,12,16.53,94.77,6.48,110.04,loamy,orange
19,7,10,14.78,91.22,6.12,100.2,loamy,orange
29,11,5,23.13,91.95,7.64,104.42,loamy,orange
22,64,82,19.49,17.17,6.47,87.51,loamy,soybean
109,10,53,26.82,87.83,6.55,46.06,loamy clay ,pepper
93,20,50,29.93,93.23,6.45,24.35,sandy loam,tomatoes
29,36,25,28.29,88.44,7.13,48.57,loamy,yam
49,55,78,18.66,16.18,7.86,81.71,loamy,soybean
57,67,25,32.35,66.61,7.55,64.56,sandy loam,cassava
66,54,21,25.19,60.2,5.92,72.12,sandy loam,maize
52,71,16,27.74,68.54,7.08,71.79,sandy loam,cassava
0,27,38,22.45,89.9,6.74,109.39,sandy loam,guinea_corn
81,45,35,26.53,80.12,6.16,218.92,clay,rice
101,25,52,29.1,94.22,6.75,22.52,sandy loam,tomatoes
17,52,17,27.88,86.45,6.36,44.64,loamy,yam
40,27,45,21.66,94.79,5.89,112.43,sandy loam,guinea_corn
34,66,19,32.97,60.18,7.59,73.45,sandy loam,cassava
90,14,52,24.85,89.2,6.39,59.68,loamy clay ,pepper
57,57,75,17.09,18.25,7.79,87.27,loamy,soybean
91,7,53,25.14,89.28,6.46,43.53,loamy clay ,pepper
6,30,40,22.77,91.45,6.36,106.97,sandy loam,guinea_corn
84,25,52,24.37,81.25,6.13,44.21,loamy clay ,pepper
87,6,45,29.83,90.79,6.4,22.84,sandy loam,tomatoes
77,36,23,24.71,56.73,6.65,88.45,sandy loam,maize
89,60,19,25.19,66.69,5.91,78.07,sandy loam,maize
109,26,45,28.28,90.39,6.22,21.59,sandy loam,tomatoes
44,76,22,27.26,68.01,7.78,68.92,sandy loam,cassava
10,56,16,28.17,81.05,6.83,36.36,loamy,yam
109,26,45,28.28,90.39,6.22,21.59,sandy loam,tomatoes
27,56,20,19.26,20.51,5.54,94.95,clay,beans
113,28,48,28.88,92.49,6.17,24.44,sandy loam,tomatoes
95,16,55,25.27,87.55,6.61,40.13,loamy clay ,pepper
60,46,22,24.89,65.61,6.63,87.93,sandy loam,maize
24,67,22,20.12,22.9,5.62,104.63,clay,beans
105,14,50,26.21,87.69,6.42,59.66,loamy clay ,pepper
39,24,14,30.55,90.9,7.19,106.07,loamy,orange
115,12,52,27.51,94.96,6.69,21.02,sandy loam,tomatoes
9,25,41,24.82,91.91,5.97,109.29,sandy loam,guinea_corn
22,70,19,18.24,21.08,5.52,69.45,clay,beans
80,16,46,25.5,81.4,6.94,48.48,loamy clay ,pepper
37,64,22,17.48,18.83,5.95,121.94,clay,beans
89,25,50,27.05,91.35,6.38,25.08,sandy loam,tomatoes
36,55,20,27.01,84.34,6.64,55.3,loamy,yam
31,55,22,22.91,21.34,5.87,109.23,clay,beans
21,21,38,22.55,89.33,6.33,104.9,sandy loam,guinea_corn
23,72,84,19.02,17.13,6.92,79.93,loamy,soybean
52,60,79,19.45,18.23,8.38,75.63,loamy,soybean
84,21,55,28.47,94.79,6.49,21.08,sandy loam,tomatoes
4,19,43,18.07,93.15,5.78,106.36,sandy loam,guinea_corn
110,28,46,24.29,88.05,6.5,51.26,loamy clay ,pepper
31,70,77,20.89,14.32,6.49,90.46,loamy,soybean
76,44,17,20.42,62.55,5.86,65.28,sandy loam,maize
118,18,52,28.05,90.83,6.56,20.76,sandy loam,tomatoes
32,66,17,34.95,65.27,7.16,70.14,sandy loam,cassava
6,62,22,20.53,18.09,5.82,120.45,clay,beans
113,28,48,28.88,92.49,6.17,24.44,sandy loam,tomatoes
88,46,42,22.68,83.46,6.6,194.27,clay,rice
67,47,44,26.73,81.79,7.87,280.4,clay,rice
24,55,78,17.3,15.15,6.65,75.58,loamy,soybean
93,53,38,26.93,81.91,7.07,290.68,clay,rice
0,12,7,20.18,90.65,6.97,116.81,loamy,orange
31,26,9,11.7,93.26,7.57,103.2,loamy,orange
105,14,50,26.21,87.69,6.42,59.66,loamy clay ,pepper
101,11,51,25.51,84.24,6.79,44.21,loamy clay ,pepper
58,71,15,27.83,67.59,6.92,74.01,sandy loam,cassava
8,50,21,28.63,89.11,6.22,50.5,loamy,yam
29,77,75,17.5,15.48,7.78,72.94,loamy,soybean
26,27,10,28.07,92.91,6.08,114.13,loamy,orange
57,58,77,18.73,17.58,7.98,81.2,loamy,soybean
98,35,18,23.8,74.83,6.25,91.76,sandy loam,maize
81,6,55,24.89,85.87,6.11,51.71,loamy clay ,pepper
107,5,52,26.66,89.98,6.88,57.41,loamy clay ,pepper
28,74,81,18.01,18.31,8.75,81.99,loamy,soybean
107,10,49,25.83,89.0,6.76,45.25,loamy clay ,pepper
16,75,21,18.51,23.62,5.68,87.05,clay,beans
91,36,45,24.44,82.45,5.95,267.98,clay,rice
98,7,45,27.79,92.51,6.16,26.85,sandy loam,tomatoes
68,40,19,26.14,66.21,6.66,107.24,sandy loam,maize
35,66,81,19.37,15.77,6.14,85.25,loamy,soybean
32,68,19,24.63,18.18,5.51,149.74,clay,beans
68,41,16,21.78,57.81,6.16,102.09,sandy loam,maize
119,19,55,25.19,83.45,6.82,46.87,loamy clay ,pepper
66,54,21,25.19,60.2,5.92,72.12,sandy loam,maize
30,37,25,29.89,80.14,7.12,54.8,loamy,yam
54,61,77,18.81,15.22,6.21,77.54,loamy,soybean
60,49,44,20.78,84.5,6.24,240.08,clay,rice
58,75,25,25.26,61.37,7.26,68.65,sandy loam,cassava
37,49,25,29.91,85.85,6.42,41.39,loamy,yam
32,73,81,20.45,15.4,5.99,92.68,loamy,soybean
105,14,50,26.21,87.69,6.42,59.66,loamy clay ,pepper
103,17,51,25.11,80.03,6.21,44.21,loamy clay ,pepper
21,44,18,27.07,86.9,7.13,50.47,loamy,yam
40,78,20,19.19,20.83,5.67,80.15,clay,beans
39,28,10,31.35,91.48,7.18,109.15,loamy,orange
101,17,47,29.49,94.73,6.19,26.31,sandy loam,tomatoes
91,55,15,18.09,72.61,6.38,78.96,sandy loam,maize
40,73,20,21.59,20.32,5.81,61.14,clay,beans
78,58,44,26.8,80.89,5.11,284.44,clay,rice
37,49,25,29.91,85.85,6.42,41.39,loamy,yam
19,78,16,20.65,23.11,5.97,67.72,clay,beans
7,23,35,19.75,88.72,7.05,102.55,sandy loam,guinea_corn
108,22,46,26.18,86.73,6.12,53.33,loamy clay ,pepper
93,53,38,26.93,81.91,7.07,290.68,clay,rice
21,6,41,24.88,89.4,7.09,107.2,sandy loam,guinea_corn
114,27,48,27.82,93.04,6.53,26.32,sandy loam,tomatoes
24,30,11,32.4,94.52,6.6,113.25,loamy,orange
60,68,83,19.12,18.43,6.62,85.53,loamy,soybean
60,49,44,20.78,84.5,6.24,240.08,clay,rice
12,8,10,16.15,91.44,8.0,107.43,loamy,orange
4,23,5,22.68,93.36,7.48,110.33,loamy,orange
7,79,23,19.64,19.69,5.82,96.66,clay,beans
39,24,39,23.65,93.33,6.43,109.81,sandy loam,guinea_corn
31,11,45,24.84,86.89,6.03,107.64,sandy loam,guinea_corn
37,55,82,19.46,18.02,6.42,78.45,loamy,soybean
95,16,55,25.27,87.55,6.61,40.13,loamy clay ,pepper
4,40,21,28.8,80.46,6.73,44.3,loamy,yam
13,7,43,18.2,91.12,7.01,109.66,sandy loam,guinea_corn
59,60,84,19.03,18.67,7.69,94.71,loamy,soybean
80,18,51,28.05,91.82,6.71,20.77,sandy loam,tomatoes
75,56,18,19.4,62.36,5.7,60.95,sandy loam,maize
27,65,18,20.11,23.22,5.6,73.36,clay,beans
23,62,85,18.97,19.52,8.49,80.71,loamy,soybean
83,7,45,29.08,90.74,6.7,25.33,sandy loam,tomatoes
109,10,53,26.82,87.83,6.55,46.06,loamy clay ,pepper
61,41,17,25.14,65.26,6.02,76.68,sandy loam,maize
29,22,43,19.66,87.95,5.56,106.04,sandy loam,guinea_corn
25,65,21,33.86,68.59,6.88,69.24,sandy loam,cassava
59,70,84,17.33,18.75,7.55,82.62,loamy,soybean
23,30,44,20.94,85.43,6.12,103.03,sandy loam,guinea_corn
28,6,40,22.11,91.34,6.77,106.87,sandy loam,guinea_corn
12,63,17,18.36,19.38,5.72,138.41,clay,beans
13,16,8,34.74,93.12,6.95,100.2,loamy,orange
32,25,35,18.1,85.71,5.89,107.01,sandy loam,guinea_corn
97,22,50,26.26,86.15,6.77,58.98,loamy clay ,pepper
24,67,22,20.12,22.9,5.62,104.63,clay,beans
83,22,54,25.9,81.97,6.28,54.5,loamy clay ,pepper
31,55,22,22.91,21.34,5.87,109.23,clay,beans
27,79,82,17.07,17.54,6.31,70.87,loamy,soybean
38,36,21,28.03,84.88,6.56,36.12,loamy,yam
43,79,79,19.41,18.98,7.81,80.25,loamy,soybean
17,58,20,28.07,85.92,6.43,39.24,loamy,yam
1,62,23,15.44,18.37,5.61,139.03,clay,beans
103,16,49,24.07,81.64,6.92,51.75,loamy clay ,pepper
37,78,79,19.95,14.83,7.79,88.68,loamy,soybean
91,21,50,24.34,81.44,6.76,48.32,loamy clay ,pepper
98,7,45,27.79,92.51,6.16,26.85,sandy loam,tomatoes
80,26,55,24.53,88.99,6.14,49.12,loamy clay ,pepper
13,47,20,29.22,87.94,6.54,43.14,loamy,yam
26,27,10,28.07,92.91,6.08,114.13,loamy,orange
17,52,17,27.88,86.45,6.36,44.64,loamy,yam
76,60,39,20.05,80.35,6.77,208.58,clay,rice
14,25,40,20.07,90.98,6.41,103.71,sandy loam,guinea_corn
31,76,82,20.82,17.85,7.6,79.21,loamy,soybean
19,7,9,27.26,91.71,6.97,101.14,loamy,orange
91,7,52,25.08,83.46,6.41,56.4,loamy clay ,pepper
11,14,5,11.5,94.89,6.95,115.57,loamy,orange
114,27,48,27.82,93.04,6.53,26.32,sandy loam,tomatoes
25,60,22,21.63,21.18,5.89,134.36,clay,beans
23,30,44,20.94,85.43,6.12,103.03,sandy loam,guinea_corn
24,27,9,18.87,93.25,6.16,119.39,loamy,orange
22,80,20,23.01,18.87,5.67,100.12,clay,beans
74,58,18,20.04,56.36,6.73,109.02,sandy loam,maize
9,48,20,29.66,84.28,6.38,56.1,loamy,yam
8,54,20,28.33,80.77,7.03,38.8,loamy,yam
27,80,15,19.07,21.21,5.79,86.22,clay,beans
12,20,39,19.86,86.2,6.03,111.02,sandy loam,guinea_corn
9,48,22,27.77,87.1,6.4,49.51,loamy,yam
75,54,36,26.29,84.57,7.02,257.49,clay,rice
5,24,40,24.69,93.87,6.3,104.67,sandy loam,guinea_corn
72,40,38,20.41,82.21,7.59,245.15,clay,rice
81,53,42,23.68,81.04,5.18,233.7,clay,rice
1,27,36,23.99,93.34,5.68,104.99,sandy loam,guinea_corn
77,36,23,24.71,56.73,6.65,88.45,sandy loam,maize
42,79,23,27.72,63.29,6.78,68.57,sandy loam,cassava
22,64,82,19.49,17.17,6.47,87.51,loamy,soybean
67,43,39,26.04,84.97,6.0,186.75,clay,rice
49,71,76,19.71,17.64,6.61,85.58,loamy,soybean
13,22,5,19.67,90.5,7.76,100.17,loamy,orange
25,27,41,19.2,94.28,6.92,108.04,sandy loam,guinea_corn
69,46,41,23.64,80.29,5.01,263.11,clay,rice
84,18,46,27.09,93.42,6.78,25.32,sandy loam,tomatoes
99,41,36,24.46,82.75,6.74,182.56,clay,rice
101,20,48,24.68,82.75,6.21,57.06,loamy clay ,pepper
101,25,52,29.1,94.22,6.75,22.52,sandy loam,tomatoes
91,24,55,26.27,83.09,6.26,46.77,loamy clay ,pepper
23,70,15,34.6,63.11,7.4,60.42,sandy loam,cassava
38,21,35,20.34,89.38,5.84,110.97,sandy loam,guinea_corn
99,12,52,28.7,94.31,6.0,22.22,sandy loam,tomatoes
33,12,8,25.26,90.31,6.82,117.37,loamy,orange
9,69,20,19.31,23.96,5.59,129.34,clay,beans
61,41,17,25.14,65.26,6.02,76.68,sandy loam,maize
95,23,45,27.82,90.57,6.27,21.19,sandy loam,tomatoes
14,57,15,29.88,83.15,6.62,40.12,loamy,yam
44,74,85,20.19,19.64,7.15,78.26,loamy,soybean
104,17,46,25.71,80.23,6.19,43.09,loamy clay ,pepper
99,12,52,28.7,94.31,6.0,22.22,sandy loam,tomatoes
87,48,25,18.65,61.38,6.66,93.62,sandy loam,maize
83,57,19,25.73,70.75,6.88,98.74,sandy loam,maize
20,20,10,11.87,93.68,6.98,106.06,loamy,orange
40,68,17,34.13,65.15,7.73,70.41,sandy loam,cassava
32,60,83,19.69,19.44,8.83,91.76,loamy,soybean
25,60,22,21.63,21.18,5.89,134.36,clay,beans
98,35,18,23.8,74.83,6.25,91.76,sandy loam,maize
13,7,43,18.2,91.12,7.01,109.66,sandy loam,guinea_corn
115,9,52,29.07,90.98,6.02,29.12,sandy loam,tomatoes
36,65,80,18.29,16.68,6.05,74.87,loamy,soybean
120,20,45,25.67,88.7,6.11,54.23,loamy clay ,pepper
36,55,20,27.01,84.34,6.64,55.3,loamy,yam
37,56,25,22.06,19.6,5.77,126.73,clay,beans
68,57,43,26.09,80.38,5.71,182.9,clay,rice
88,17,52,29.9,90.75,6.65,25.38,sandy loam,tomatoes
